0,1,2,3,4,5,6,7,8,9
0.0,0.0,-1356_0,-101.4,Bus,6.1,555.85,1588.94,0.0,BusFlowEastWest0.0
0.0,0.0,28925528_0,-44.63,Bus,6.1,722.81,1270.66,0.0,BusFlowNorthSouth0.0
0.0,0.0,239331354_0,160.22,Bus,6.1,471.48,1183.77,0.0,BusFlowSouthNorth0.0
0.0,0.0,-240120122_0,67.65,Bus,6.1,711.28,874.23,0.0,BusFlowWestEast0.0
0.0,0.0,-1274_0,16.81,Vehicle,4.1,517.45,1849.76,0.0,VehicleFlowEastToNorth.0
0.0,0.0,-1354_0,-93.35,Vehicle,4.1,420.7,1853.89,0.0,VehicleFlowEastToWest_0.0
0.0,0.0,-1280#0_0,-45.05,Vehicle,4.1,759.18,2349.98,0.0,VehicleFlowEastToWest_1.0
0.0,0.0,-1328#0_0,18.54,Vehicle,4.1,1044.08,599.52,0.0,VehicleFlowWestToEast.0
0.0,0.0,229259796#0_0,71.4,Vehicle,4.1,681.4,984.27,0.0,VehicleFlowWestToEast_0.0
0.0,0.0,-1324_0,58.74,Vehicle,4.1,778.93,734.83,0.0,VehicleFlowWestToSouth.0
1.0,0.0,-1356_0,-101.4,Bus,8.14,556.25,1586.94,2.04,BusFlowEastWest0.0
1.0,0.0,28925528_0,-44.63,Bus,7.65,721.7,1269.56,1.55,BusFlowNorthSouth0.0
1.0,0.0,239331354_0,160.22,Bus,7.9,473.17,1184.38,1.8,BusFlowSouthNorth0.0
1.0,0.0,-240120122_0,67.65,Bus,7.86,710.61,875.86,1.76,BusFlowWestEast0.0
1.0,0.0,-1274_0,16.81,Vehicle,7.25,514.43,1850.67,3.15,VehicleFlowEastToNorth.0
1.0,0.0,-1354_0,-93.35,Vehicle,6.82,420.86,1851.18,2.72,VehicleFlowEastToWest_0.0
1.0,0.0,-1280#0_0,-45.05,Vehicle,6.36,757.58,2348.38,2.26,VehicleFlowEastToWest_1.0
1.0,0.0,-1328#0_0,18.54,Vehicle,6.64,1041.67,600.32,2.54,VehicleFlowWestToEast.0
1.0,0.0,229259796#0_0,71.4,Vehicle,7.62,680.28,987.6,3.52,VehicleFlowWestToEast_0.0
1.0,0.0,-1324_0,58.74,Vehicle,7.62,777.1,737.84,3.52,VehicleFlowWestToSouth.0
2.0,0.0,-1356_0,-101.4,Bus,12.52,557.12,1582.64,4.39,BusFlowEastWest0.0
2.0,0.0,28925528_0,-44.63,Bus,12.0,718.6,1266.5,4.34,BusFlowNorthSouth0.0
2.0,0.0,239331354_0,160.22,Bus,11.56,476.61,1185.61,3.66,BusFlowSouthNorth0.0
2.0,0.0,-240120122_0,67.65,Bus,11.46,709.24,879.19,3.6,BusFlowWestEast0.0
2.0,0.0,-1274_0,16.81,Vehicle,12.43,509.47,1852.17,5.18,VehicleFlowEastToNorth.0
2.0,0.0,-1274_0,16.81,Vehicle,4.1,517.45,1849.76,0.0,VehicleFlowEastToSouth.0
2.0,0.0,-1354_0,-93.35,Vehicle,12.32,421.18,1845.7,5.5,VehicleFlowEastToWest_0.0
2.0,0.0,-1280#0_0,-45.05,Vehicle,12.12,753.52,2344.31,5.75,VehicleFlowEastToWest_1.0
2.0,0.0,-1328#0_0,18.54,Vehicle,11.76,1036.81,601.95,5.12,VehicleFlowWestToEast.0
2.0,0.0,229259796#0_0,71.4,Vehicle,13.9,678.28,993.55,6.28,VehicleFlowWestToEast_0.0
2.0,0.0,-1328#0_0,18.54,Vehicle,4.1,1044.08,599.52,0.0,VehicleFlowWestToNorth.0
2.0,0.0,-1324_0,58.74,Vehicle,14.27,773.65,743.53,6.65,VehicleFlowWestToSouth.0
3.0,0.0,-1356_0,-101.4,Bus,18.04,558.21,1577.24,5.51,BusFlowEastWest0.0
3.0,0.0,28925528_1,-39.27,Bus,19.08,711.04,1264.45,7.08,BusFlowNorthSouth0.0
3.0,0.0,239331354_0,160.22,Bus,17.3,482.0,1187.55,5.74,BusFlowSouthNorth0.0
3.0,0.0,-240120122_0,67.65,Bus,17.43,706.97,884.71,5.98,BusFlowWestEast0.0
3.0,0.0,-1274_0,16.81,Vehicle,20.23,502.0,1854.42,7.8,VehicleFlowEastToNorth.0
3.0,0.0,-1274_0,16.81,Vehicle,7.19,514.48,1850.65,3.09,VehicleFlowEastToSouth.0
3.0,0.0,-1354_0,-93.35,Vehicle,20.28,421.64,1837.77,7.96,VehicleFlowEastToWest_0.0
3.0,0.0,-1280#0_0,-55.09,Vehicle,20.76,748.09,2337.65,8.64,VehicleFlowEastToWest_1.0
3.0,0.0,-1328#0_0,18.54,Vehicle,18.79,1030.14,604.19,7.03,VehicleFlowWestToEast.0
3.0,0.0,229259796#0_0,71.4,Vehicle,23.22,675.3,1002.39,9.33,VehicleFlowWestToEast_0.0
3.0,0.0,-1328#0_0,18.54,Vehicle,5.73,1042.53,600.03,1.63,VehicleFlowWestToNorth.0
3.0,0.0,-1324_0,69.8,Vehicle,22.91,770.58,751.62,8.65,VehicleFlowWestToSouth.0
4.0,0.0,-1356_0,-101.4,Bus,23.23,559.23,1572.15,5.19,BusFlowEastWest0.0
4.0,0.0,28925528_1,-33.9,Bus,27.89,703.76,1259.56,8.81,BusFlowNorthSouth0.0
4.0,0.0,239331354_0,160.22,Bus,25.62,489.8,1190.35,8.32,BusFlowSouthNorth0.0
4.0,0.0,-240120122_0,67.65,Bus,25.9,703.75,892.54,8.46,BusFlowWestEast0.0
4.0,0.0,-1274_0,16.81,Vehicle,30.89,491.8,1857.51,10.66,VehicleFlowEastToNorth.0
4.0,0.0,-1274_0,16.81,Vehicle,12.15,509.74,1852.09,4.96,VehicleFlowEastToSouth.0
4.0,0.0,-1274_0,16.81,Vehicle,4.1,517.45,1849.76,0.0,VehicleFlowEastToWest.0
4.0,0.0,-1354_0,-93.35,Vehicle,31.79,422.31,1826.31,11.51,VehicleFlowEastToWest_0.0
4.0,0.0,-1280#0_0,-55.09,Vehicle,32.77,741.22,2327.8,12.01,VehicleFlowEastToWest_1.0
4.0,0.0,-1328#0_0,18.54,Vehicle,28.18,1021.22,607.18,9.4,VehicleFlowWestToEast.0
4.0,0.0,229259796#0_0,71.4,Vehicle,34.43,671.73,1013.01,11.2,VehicleFlowWestToEast_0.0
4.0,0.0,-1328#0_0,18.54,Vehicle,10.37,1038.13,601.51,4.63,VehicleFlowWestToNorth.0
4.0,0.0,-1324_0,69.8,Vehicle,34.93,766.43,762.9,12.01,VehicleFlowWestToSouth.0
5.0,0.0,-1356_0,-101.4,Bus,28.36,560.25,1567.12,5.13,BusFlowEastWest0.0
5.0,0.0,28925528_1,-28.74,Bus,39.26,694.12,1253.72,11.37,BusFlowNorthSouth0.0
5.0,0.0,239331354_0,160.22,Bus,35.94,499.49,1193.84,10.32,BusFlowSouthNorth0.0
5.0,0.0,-240120122_0,67.65,Bus,36.47,699.73,902.32,10.58,BusFlowWestEast0.0
5.0,0.0,-1274_0,10.65,Vehicle,43.9,479.19,1860.66,13.01,VehicleFlowEastToNorth.0
5.0,0.0,-1274_0,16.81,Vehicle,19.03,503.15,1854.08,6.88,VehicleFlowEastToSouth.0
5.0,0.0,-1274_0,16.81,Vehicle,5.67,515.95,1850.21,1.57,VehicleFlowEastToWest.0
5.0,0.0,-1354_0,-93.35,Vehicle,44.21,423.04,1813.93,12.43,VehicleFlowEastToWest_0.0
5.0,0.0,-1280#0_0,-55.09,Vehicle,45.59,733.89,2317.3,12.82,VehicleFlowEastToWest_1.0
5.0,0.0,-1328#0_1,18.54,Vehicle,41.02,1010.17,614.36,12.84,VehicleFlowWestToEast.0
5.0,0.0,229259796#0_0,71.4,Vehicle,47.88,667.44,1025.76,13.46,VehicleFlowWestToEast_0.0
5.0,0.0,-1328#0_0,18.54,Vehicle,17.4,1031.45,603.75,7.03,VehicleFlowWestToNorth.0
5.0,0.0,-1324_0,69.8,Vehicle,47.53,762.07,774.74,12.6,VehicleFlowWestToSouth.0
6.0,0.0,-1356_0,-101.4,Bus,33.67,561.29,1561.92,5.31,BusFlowEastWest0.0
6.0,0.0,28925528_1,-18.22,Bus,52.91,681.2,1249.47,13.65,BusFlowNorthSouth0.0
6.0,0.0,239331354_0,160.22,Bus,47.73,510.54,1197.81,11.78,BusFlowSouthNorth0.0
6.0,0.0,-240120122_0,67.65,Bus,48.46,695.17,913.41,11.99,BusFlowWestEast0.0
6.0,0.0,-1274_0,10.65,Vehicle,59.53,463.83,1863.55,15.63,VehicleFlowEastToNorth.0
6.0,0.0,-1274_0,16.81,Vehicle,27.83,494.72,1856.62,8.81,VehicleFlowEastToSouth.0
6.0,0.0,-1274_0,16.81,Vehicle,10.71,511.12,1851.67,5.05,VehicleFlowEastToWest.0
6.0,0.0,-1354_0,-93.35,Vehicle,56.95,423.78,1801.24,12.74,VehicleFlowEastToWest_0.0
6.0,0.0,-1280#0_0,-55.09,Vehicle,58.97,726.24,2306.33,13.39,VehicleFlowEastToWest_1.0
6.0,0.0,-1328#0_1,18.54,Vehicle,53.86,998.0,618.44,12.85,VehicleFlowWestToEast.0
6.0,0.0,-1328#0_0,18.54,Vehicle,4.1,1044.08,599.52,0.0,VehicleFlowWestToEast.1
6.0,0.0,229259796#0_0,71.4,Vehicle,61.44,663.12,1038.62,13.56,VehicleFlowWestToEast_0.0
6.0,0.0,-1328#0_0,18.54,Vehicle,27.76,1021.62,607.05,10.36,VehicleFlowWestToNorth.0
6.0,0.0,-1324_0,69.8,Vehicle,61.37,757.28,787.75,13.84,VehicleFlowWestToSouth.0
7.0,0.0,-1356_0,-101.4,Bus,38.28,562.21,1557.4,4.61,BusFlowEastWest0.0
7.0,0.0,28925528_1,-18.22,Bus,66.33,668.51,1245.29,13.42,BusFlowNorthSouth0.0
7.0,0.0,239331354_0,160.22,Bus,62.19,524.11,1202.69,14.46,BusFlowSouthNorth0.0
7.0,0.0,-240120122_0,67.65,Bus,61.76,690.11,925.71,13.3,BusFlowWestEast0.0
7.0,0.0,-1274_0,3.13,Vehicle,75.43,448.13,1865.92,15.9,VehicleFlowEastToNorth.0
7.0,0.0,-1274_0,14.21,Vehicle,39.72,483.31,1859.88,11.88,VehicleFlowEastToSouth.0
7.0,0.0,-1274_0,16.81,Vehicle,18.97,503.21,1854.06,8.26,VehicleFlowEastToWest.0
7.0,0.0,-1354_0,-93.35,Vehicle,70.47,424.57,1787.78,13.52,VehicleFlowEastToWest_0.0
7.0,0.0,-1280#0_0,-55.09,Vehicle,71.57,719.04,2296.02,12.59,VehicleFlowEastToWest_1.0
7.0,0.0,-1328#0_1,18.54,Vehicle,67.19,985.39,622.67,13.33,VehicleFlowWestToEast.0
7.0,0.0,-1328#0_0,18.54,Vehicle,7.62,1040.74,600.63,3.52,VehicleFlowWestToEast.1
7.0,0.0,229259796#0_0,71.4,Vehicle,74.31,659.01,1050.81,12.87,VehicleFlowWestToEast_0.0
7.0,0.0,-1328#0_1,18.54,Vehicle,41.32,1009.88,614.45,13.56,VehicleFlowWestToNorth.0
7.0,0.0,-1324_0,69.8,Vehicle,75.12,752.53,800.66,13.75,VehicleFlowWestToSouth.0
8.0,0.0,-1356_0,-101.4,Bus,42.96,563.13,1552.81,4.68,BusFlowEastWest0.0
8.0,0.0,28925528_1,-29.54,Bus,79.5,656.84,1239.41,13.17,BusFlowNorthSouth0.0
8.0,0.0,239331354_0,160.22,Bus,78.29,539.22,1208.12,16.11,BusFlowSouthNorth0.0
8.0,0.0,-240120122_0,67.65,Bus,74.35,685.32,937.35,12.6,BusFlowWestEast0.0
8.0,0.0,-1274_0,3.05,Vehicle,87.13,436.45,1866.55,11.7,VehicleFlowEastToNorth.0
8.0,0.0,-1274_0,10.65,Vehicle,55.01,468.27,1862.71,15.29,VehicleFlowEastToSouth.0
8.0,0.0,-1274_0,16.81,Vehicle,29.26,493.36,1857.04,10.29,VehicleFlowEastToWest.0
8.0,0.0,-1354_0,-99.22,Vehicle,83.61,425.74,1774.74,13.14,VehicleFlowEastToWest_0.0
8.0,0.0,-1280#0_0,-55.09,Vehicle,85.41,711.12,2284.67,13.85,VehicleFlowEastToWest_1.0
8.0,0.0,-1328#0_1,18.54,Vehicle,79.97,973.28,626.73,12.78,VehicleFlowWestToEast.0
8.0,0.0,-1328#0_0,18.54,Vehicle,14.07,1034.61,602.69,6.46,VehicleFlowWestToEast.1
8.0,0.0,229259796#0_0,71.4,Vehicle,87.15,654.92,1062.98,12.84,VehicleFlowWestToEast_0.0
8.0,0.0,229259796#0_0,71.4,Vehicle,4.1,681.4,984.27,0.0,VehicleFlowWestToEast_0.1
8.0,0.0,-1328#0_1,18.54,Vehicle,54.51,997.39,618.64,13.19,VehicleFlowWestToNorth.0
8.0,0.0,-1324_0,69.8,Vehicle,87.25,748.34,812.06,12.13,VehicleFlowWestToSouth.0
9.0,0.0,-1356_0,-101.99,Bus,47.59,564.11,1548.28,4.63,BusFlowEastWest0.0
9.0,0.0,28925528_1,-29.54,Bus,88.37,649.16,1235.05,8.86,BusFlowNorthSouth0.0
9.0,0.0,239331354_0,160.22,Bus,93.49,553.48,1213.25,15.19,BusFlowSouthNorth0.0
9.0,0.0,-240120122_0,67.65,Bus,87.15,680.45,949.19,12.8,BusFlowWestEast0.0
9.0,0.0,-1274_0,1.75,Vehicle,94.33,429.27,1866.84,7.2,VehicleFlowEastToNorth.0
9.0,0.0,-1274_0,10.65,Vehicle,70.71,452.85,1865.61,15.7,VehicleFlowEastToSouth.0
9.0,0.0,-1274_0,10.65,Vehicle,42.31,480.76,1860.36,13.05,VehicleFlowEastToWest.0
9.0,0.0,-1354_0,-100.83,Vehicle,95.75,428.02,1762.84,12.14,VehicleFlowEastToWest_0.0
9.0,0.0,-1280#0_0,-55.09,Vehicle,98.69,703.53,2273.8,13.27,VehicleFlowEastToWest_1.0
9.0,0.0,-1328#0_1,19.63,Vehicle,92.97,960.99,630.93,13.0,VehicleFlowWestToEast.0
9.0,0.0,-1328#0_0,18.54,Vehicle,23.6,1025.57,605.72,9.52,VehicleFlowWestToEast.1
9.0,0.0,229259796#0_0,71.4,Vehicle,99.47,650.99,1074.65,12.32,VehicleFlowWestToEast_0.0
9.0,0.0,229259796#0_0,71.4,Vehicle,6.67,680.58,986.7,2.57,VehicleFlowWestToEast_0.1
9.0,0.0,-1328#0_1,18.54,Vehicle,67.63,984.96,622.81,13.12,VehicleFlowWestToNorth.0
9.0,0.0,-1324_0,69.17,Vehicle,100.4,743.75,824.4,13.15,VehicleFlowWestToSouth.0
10.0,0.0,-1356_0,-102.46,Bus,52.94,565.26,1543.06,5.35,BusFlowEastWest0.0
10.0,0.0,28925528_1,-29.54,Bus,94.05,644.23,1232.26,5.68,BusFlowNorthSouth0.0
10.0,0.0,239331354_0,156.78,Bus,104.18,563.36,1217.18,10.69,BusFlowSouthNorth0.0
10.0,0.0,-240120122_0,67.65,Bus,99.77,675.65,960.86,12.62,BusFlowWestEast0.0
10.0,0.0,:431399507_0_0,-39.38,Vehicle,5.15,421.44,1862.71,9.58,VehicleFlowEastToNorth.0
10.0,0.0,-1274_0,3.1,Vehicle,81.91,441.67,1866.27,11.2,VehicleFlowEastToSouth.0
10.0,0.0,-1274_0,10.65,Vehicle,57.44,465.89,1863.16,15.13,VehicleFlowEastToWest.0
10.0,0.0,-1354_0,-100.83,Vehicle,108.97,430.49,1749.89,13.22,VehicleFlowEastToWest_0.0
10.0,0.0,-1280#0_0,-56.23,Vehicle,111.87,696.11,2262.91,13.19,VehicleFlowEastToWest_1.0
10.0,0.0,-1328#0_1,22.52,Vehicle,106.36,948.65,636.05,13.38,VehicleFlowWestToEast.0
10.0,0.0,-1328#0_1,18.54,Vehicle,35.86,1015.05,612.72,12.26,VehicleFlowWestToEast.1
10.0,0.0,229259796#0_0,71.4,Vehicle,113.1,646.64,1087.58,13.64,VehicleFlowWestToEast_0.0
10.0,0.0,229259796#0_0,71.4,Vehicle,11.25,679.12,991.04,4.58,VehicleFlowWestToEast_0.1
10.0,0.0,-1328#0_1,18.54,Vehicle,80.24,973.02,626.81,12.61,VehicleFlowWestToNorth.0
10.0,0.0,-1324_0,69.17,Vehicle,114.21,738.83,837.33,13.81,VehicleFlowWestToSouth.0
11.0,0.0,-1356_0,-102.46,Bus,57.18,566.18,1538.92,4.24,BusFlowEastWest0.0
11.0,0.0,28925528_1,-29.54,Bus,95.37,643.09,1231.62,1.32,BusFlowNorthSouth0.0
11.0,0.0,239331354_0,148.87,Bus,111.12,569.28,1220.76,6.94,BusFlowSouthNorth0.0
11.0,0.0,-240120122_0,67.65,Bus,112.89,670.66,973.0,13.12,BusFlowWestEast0.0
11.0,0.0,-1354_0,-93.35,Vehicle,7.07,420.87,1850.92,12.56,VehicleFlowEastToNorth.0
11.0,0.0,-1274_0,2.99,Vehicle,90.84,432.75,1866.74,8.93,VehicleFlowEastToSouth.0
11.0,0.0,-1274_0,10.65,Vehicle,69.67,453.86,1865.42,12.24,VehicleFlowEastToWest.0
11.0,0.0,-1354_0,-100.83,Vehicle,121.83,432.91,1737.29,12.86,VehicleFlowEastToWest_0.0
11.0,0.0,-1280#0_0,-56.23,Vehicle,124.22,689.25,2252.66,12.35,VehicleFlowEastToWest_1.0
11.0,0.0,-1328#0_1,22.52,Vehicle,119.05,936.93,640.91,12.7,VehicleFlowWestToEast.0
11.0,0.0,-1328#0_1,18.54,Vehicle,48.69,1002.9,616.79,12.83,VehicleFlowWestToEast.1
11.0,0.0,229259796#0_0,71.4,Vehicle,125.77,642.6,1099.58,12.66,VehicleFlowWestToEast_0.0
11.0,0.0,229259796#0_0,71.4,Vehicle,18.36,676.85,997.78,7.11,VehicleFlowWestToEast_0.1
11.0,0.0,-1328#0_1,20.01,Vehicle,93.36,960.64,631.07,13.11,VehicleFlowWestToNorth.0
11.0,0.0,-1324_0,69.17,Vehicle,127.92,733.95,850.15,13.7,VehicleFlowWestToSouth.0
12.0,0.0,-1356_0,-102.46,Bus,62.72,567.37,1533.51,5.54,BusFlowEastWest0.0
12.0,0.0,28925528_1,-29.54,Bus,95.53,642.95,1231.54,0.16,BusFlowNorthSouth0.0
12.0,0.0,239331354_0,148.86,Bus,113.56,571.36,1222.02,2.44,BusFlowSouthNorth0.0
12.0,0.0,-240120122_0,67.65,Bus,126.1,665.64,985.22,13.21,BusFlowWestEast0.0
12.0,0.0,-1354_0,-93.35,Vehicle,20.12,421.63,1837.93,13.04,VehicleFlowEastToNorth.0
12.0,0.0,-1274_0,-6.32,Vehicle,95.82,427.86,1866.36,4.98,VehicleFlowEastToSouth.0
12.0,0.0,-1274_0,3.1,Vehicle,79.22,444.35,1866.12,9.55,VehicleFlowEastToWest.0
12.0,0.0,-1354_0,-100.83,Vehicle,134.28,435.24,1725.08,12.45,VehicleFlowEastToWest_0.0
12.0,0.0,-1280#0_0,-56.23,Vehicle,138.11,681.54,2241.12,13.89,VehicleFlowEastToWest_1.0
12.0,0.0,-1328#0_1,22.52,Vehicle,132.92,924.14,646.21,13.86,VehicleFlowWestToEast.0
12.0,0.0,-1328#0_1,18.54,Vehicle,60.98,991.26,620.7,12.29,VehicleFlowWestToEast.1
12.0,0.0,229259796#0_0,71.4,Vehicle,139.36,638.27,1112.46,13.59,VehicleFlowWestToEast_0.0
12.0,0.0,229259796#0_0,71.4,Vehicle,28.45,673.64,1007.35,10.09,VehicleFlowWestToEast_0.1
12.0,0.0,-1328#0_1,22.52,Vehicle,105.48,949.45,635.71,12.12,VehicleFlowWestToNorth.0
12.0,0.0,-1324_0,69.17,Vehicle,141.2,729.23,862.58,13.28,VehicleFlowWestToSouth.0
13.0,0.0,-1356_0,-102.46,Bus,67.99,568.51,1528.36,5.27,BusFlowEastWest0.0
13.0,0.0,28925528_1,-29.54,Bus,95.56,642.93,1231.52,0.03,BusFlowNorthSouth0.0
13.0,0.0,239331354_0,148.85,Bus,114.18,571.89,1222.34,0.63,BusFlowSouthNorth0.0
13.0,0.0,-240120122_0,67.65,Bus,139.78,660.44,997.86,13.68,BusFlowWestEast0.0
13.0,0.0,-1354_0,-93.35,Vehicle,32.32,422.34,1825.78,12.2,VehicleFlowEastToNorth.0
13.0,0.0,:431399507_0_0,-34.18,Vehicle,4.11,422.07,1863.39,7.06,VehicleFlowEastToSouth.0
13.0,0.0,-1274_0,3.06,Vehicle,86.66,436.92,1866.52,7.44,VehicleFlowEastToWest.0
13.0,0.0,-1354_0,-100.83,Vehicle,147.29,437.68,1712.33,13.01,VehicleFlowEastToWest_0.0
13.0,0.0,-1280#0_0,-56.23,Vehicle,151.17,674.29,2230.28,13.06,VehicleFlowEastToWest_1.0
13.0,0.0,-1328#0_1,22.52,Vehicle,145.17,912.84,650.9,12.25,VehicleFlowWestToEast.0
13.0,0.0,-1328#0_1,18.54,Vehicle,74.67,978.3,625.04,13.68,VehicleFlowWestToEast.1
13.0,0.0,-1328#0_0,18.54,Vehicle,4.1,1044.08,599.52,0.0,VehicleFlowWestToEast.2
13.0,0.0,229259796#0_0,71.4,Vehicle,152.54,634.07,1124.95,13.18,VehicleFlowWestToEast_0.0
13.0,0.0,229259796#0_0,71.4,Vehicle,40.35,669.84,1018.62,11.9,VehicleFlowWestToEast_0.1
13.0,0.0,-1328#0_1,22.52,Vehicle,118.63,937.32,640.74,13.15,VehicleFlowWestToNorth.0
13.0,0.0,-1324_0,69.17,Vehicle,153.68,724.79,874.25,12.48,VehicleFlowWestToSouth.0
14.0,0.0,-1356_0,-102.46,Bus,73.28,569.65,1523.2,5.29,BusFlowEastWest0.0
14.0,0.0,28925528_1,-29.54,Bus,95.57,642.91,1231.52,0.01,BusFlowNorthSouth0.0
14.0,0.0,239331354_0,148.85,Bus,114.58,572.24,1222.55,0.4,BusFlowSouthNorth0.0
14.0,0.0,-240120122_0,67.52,Bus,152.38,655.62,1009.51,12.6,BusFlowWestEast0.0
14.0,0.0,-1354_0,-93.35,Vehicle,46.01,423.14,1812.15,13.68,VehicleFlowEastToNorth.0
14.0,0.0,-1354_0,-92.65,Vehicle,3.55,420.67,1854.44,10.08,VehicleFlowEastToSouth.0
14.0,0.0,-1274_0,0.84,Vehicle,94.5,429.11,1866.78,7.84,VehicleFlowEastToWest.0
14.0,0.0,-1354_0,-100.83,Vehicle,159.76,440.02,1700.11,12.47,VehicleFlowEastToWest_0.0
14.0,0.0,-1280#0_0,-56.23,Vehicle,164.65,666.8,2219.08,13.48,VehicleFlowEastToWest_1.0
14.0,0.0,-1328#0_1,24.16,Vehicle,157.76,901.27,655.82,12.59,VehicleFlowWestToEast.0
14.0,0.0,-1328#0_1,18.54,Vehicle,87.9,965.77,629.24,13.23,VehicleFlowWestToEast.1
14.0,0.0,-1328#0_0,18.54,Vehicle,6.9,1041.42,600.41,2.8,VehicleFlowWestToEast.2
14.0,0.0,229259796#0_0,71.4,Vehicle,165.38,629.97,1137.13,12.85,VehicleFlowWestToEast_0.0
14.0,0.0,229259796#0_0,71.4,Vehicle,54.0,665.49,1031.56,13.66,VehicleFlowWestToEast_0.1
14.0,0.0,-1328#0_1,22.52,Vehicle,131.72,925.25,645.75,13.09,VehicleFlowWestToNorth.0
14.0,0.0,-1324_0,69.17,Vehicle,167.39,719.9,887.08,13.71,VehicleFlowWestToSouth.0
15.0,0.0,-1356_0,-102.46,Bus,78.79,570.84,1517.82,5.51,BusFlowEastWest0.0
15.0,0.0,28925528_1,-29.54,Bus,95.58,642.91,1231.51,0.01,BusFlowNorthSouth0.0
15.0,0.0,239331354_0,148.85,Bus,114.61,572.26,1222.56,0.03,BusFlowSouthNorth0.0
15.0,0.0,-240120122_0,67.52,Bus,165.22,650.71,1021.37,12.84,BusFlowWestEast0.0
15.0,0.0,-1354_0,-93.35,Vehicle,58.87,423.89,1799.33,12.87,VehicleFlowEastToNorth.0
15.0,0.0,-1354_0,-93.35,Vehicle,15.8,421.38,1842.23,12.25,VehicleFlowEastToSouth.0
15.0,0.0,:431399507_0_0,-45.55,Vehicle,5.75,421.25,1862.21,10.01,VehicleFlowEastToWest.0
15.0,0.0,-1354_0,-100.83,Vehicle,172.0,442.31,1688.12,12.24,VehicleFlowEastToWest_0.0
15.0,0.0,-1280#0_0,-56.23,Vehicle,178.39,659.17,2207.67,13.74,VehicleFlowEastToWest_1.0
15.0,0.0,-1328#0_1,29.84,Vehicle,171.2,889.63,662.49,13.44,VehicleFlowWestToEast.0
15.0,0.0,-1328#0_1,22.52,Vehicle,100.95,953.64,633.98,13.05,VehicleFlowWestToEast.1
15.0,0.0,-1328#0_0,18.54,Vehicle,12.71,1035.9,602.26,5.82,VehicleFlowWestToEast.2
15.0,0.0,229259796#0_0,71.4,Vehicle,177.15,626.22,1148.28,11.77,VehicleFlowWestToEast_0.0
15.0,0.0,229259796#0_0,71.4,Vehicle,67.5,661.19,1044.35,13.49,VehicleFlowWestToEast_0.1
15.0,0.0,-1328#0_1,22.52,Vehicle,144.08,913.84,650.48,12.36,VehicleFlowWestToNorth.0
15.0,0.0,-1324_0,69.17,Vehicle,180.55,715.22,899.4,13.16,VehicleFlowWestToSouth.0
16.0,0.0,-1356_0,-102.46,Bus,84.19,572.0,1512.54,5.41,BusFlowEastWest0.0
16.0,0.0,28925528_1,-29.54,Bus,95.58,642.91,1231.51,0.0,BusFlowNorthSouth0.0
16.0,0.0,239331354_0,148.85,Bus,114.62,572.27,1222.56,0.0,BusFlowSouthNorth0.0
16.0,0.0,-240120122_0,67.52,Bus,178.37,645.68,1033.52,13.15,BusFlowWestEast0.0
16.0,0.0,-1354_0,-93.35,Vehicle,71.67,424.64,1786.58,12.8,VehicleFlowEastToNorth.0
16.0,0.0,-1354_0,-93.35,Vehicle,29.34,422.17,1828.74,13.55,VehicleFlowEastToSouth.0
16.0,0.0,-1354_0,-93.35,Vehicle,7.0,420.87,1851.0,11.9,VehicleFlowEastToWest.0
16.0,0.0,-1354_0,-100.83,Vehicle,184.56,444.67,1675.81,12.56,VehicleFlowEastToWest_0.0
16.0,0.0,-1280#0_0,-56.23,Vehicle,191.57,651.85,2196.73,13.18,VehicleFlowEastToWest_1.0
16.0,0.0,-1328#0_1,29.84,Vehicle,184.87,877.78,669.29,13.68,VehicleFlowWestToEast.0
16.0,0.0,-1328#0_1,22.52,Vehicle,114.83,940.83,639.29,13.88,VehicleFlowWestToEast.1
16.0,0.0,-1328#0_0,18.54,Vehicle,20.93,1028.1,604.87,8.22,VehicleFlowWestToEast.2
16.0,0.0,229259796#0_0,71.4,Vehicle,185.91,623.42,1156.58,8.76,VehicleFlowWestToEast_0.0
16.0,0.0,229259796#0_0,71.4,Vehicle,79.96,657.21,1056.17,12.46,VehicleFlowWestToEast_0.1
16.0,0.0,-1328#0_1,23.05,Vehicle,157.15,901.8,655.51,13.07,VehicleFlowWestToNorth.0
16.0,0.0,-1324_0,69.17,Vehicle,192.68,710.9,910.74,12.12,VehicleFlowWestToSouth.0
17.0,0.0,-1356_0,-102.46,Bus,88.69,572.97,1508.15,4.49,BusFlowEastWest0.0
17.0,0.0,28925528_1,-29.54,Bus,95.58,642.91,1231.51,0.0,BusFlowNorthSouth0.0
17.0,0.0,239331354_0,148.85,Bus,114.62,572.27,1222.56,0.0,BusFlowSouthNorth0.0
17.0,0.0,-240120122_0,67.52,Bus,191.1,640.82,1045.29,12.73,BusFlowWestEast0.0
17.0,0.0,-1354_0,-100.83,Vehicle,85.23,426.04,1773.16,13.55,VehicleFlowEastToNorth.0
17.0,0.0,-1354_0,-93.35,Vehicle,42.61,422.94,1815.53,13.27,VehicleFlowEastToSouth.0
17.0,0.0,-1354_0,-93.35,Vehicle,20.42,421.65,1837.63,13.41,VehicleFlowEastToWest.0
17.0,0.0,-1354_0,-107.83,Vehicle,198.03,447.76,1662.75,13.47,VehicleFlowEastToWest_0.0
17.0,0.0,-1280#0_0,-56.23,Vehicle,204.91,644.44,2185.64,13.35,VehicleFlowEastToWest_1.0
17.0,0.0,-1328#0_1,27.55,Vehicle,197.72,866.52,675.45,12.85,VehicleFlowWestToEast.0
17.0,0.0,-1328#0_1,22.52,Vehicle,127.73,928.92,644.23,12.91,VehicleFlowWestToEast.1
17.0,0.0,-1328#0_1,18.54,Vehicle,32.73,1018.01,611.73,11.8,VehicleFlowWestToEast.2
17.0,0.0,229259796#0_0,71.4,Vehicle,190.94,621.82,1161.35,5.02,VehicleFlowWestToEast_0.0
17.0,0.0,229259796#0_0,71.4,Vehicle,92.2,653.31,1067.77,12.24,VehicleFlowWestToEast_0.1
17.0,0.0,229259796#0_0,71.4,Vehicle,4.1,681.4,984.27,0.0,VehicleFlowWestToEast_0.2
17.0,0.0,-1328#0_1,29.84,Vehicle,170.62,890.13,662.21,13.48,VehicleFlowWestToNorth.0
17.0,0.0,-1324_0,69.17,Vehicle,205.76,706.25,922.99,13.09,VehicleFlowWestToSouth.0
18.0,0.0,-1356_0,-102.46,Bus,93.49,574.01,1503.47,4.8,BusFlowEastWest0.0
18.0,0.0,28925528_1,-29.54,Bus,95.58,642.91,1231.51,0.0,BusFlowNorthSouth0.0
18.0,0.0,239331354_0,148.85,Bus,114.62,572.27,1222.56,0.0,BusFlowSouthNorth0.0
18.0,0.0,-240120122_0,67.52,Bus,204.18,635.82,1057.37,13.07,BusFlowWestEast0.0
18.0,0.0,-1354_0,-100.83,Vehicle,98.75,428.58,1759.9,13.53,VehicleFlowEastToNorth.0
18.0,0.0,-1354_0,-93.35,Vehicle,55.88,423.72,1802.31,13.27,VehicleFlowEastToSouth.0
18.0,0.0,-1354_0,-93.35,Vehicle,33.79,422.43,1824.31,13.38,VehicleFlowEastToWest.0
18.0,0.0,-1274_0,16.81,Vehicle,4.1,517.45,1849.76,0.0,VehicleFlowEastToWest.1
18.0,0.0,-1354_0,-107.83,Vehicle,210.27,451.5,1651.13,12.24,VehicleFlowEastToWest_0.0
18.0,0.0,-1354_0,-93.35,Vehicle,4.1,420.7,1853.89,0.0,VehicleFlowEastToWest_0.1
18.0,0.0,-1280#0_0,-56.23,Vehicle,217.37,637.52,2175.3,12.46,VehicleFlowEastToWest_1.0
18.0,0.0,-1280#0_0,-45.05,Vehicle,4.1,759.18,2349.98,0.0,VehicleFlowEastToWest_1.1
18.0,0.0,-1328#0_1,27.55,Vehicle,211.05,854.72,681.61,13.33,VehicleFlowWestToEast.0
18.0,0.0,-1328#0_1,22.52,Vehicle,140.97,916.72,649.29,13.23,VehicleFlowWestToEast.1
18.0,0.0,-1328#0_1,18.54,Vehicle,46.6,1004.88,616.13,13.87,VehicleFlowWestToEast.2
18.0,0.0,229259796#0_0,71.4,Vehicle,192.23,621.41,1162.57,1.29,VehicleFlowWestToEast_0.0
18.0,0.0,229259796#0_0,71.4,Vehicle,106.03,648.9,1080.88,13.83,VehicleFlowWestToEast_0.1
18.0,0.0,229259796#0_0,71.4,Vehicle,7.64,680.27,987.62,3.54,VehicleFlowWestToEast_0.2
18.0,0.0,-1328#0_1,29.84,Vehicle,182.83,879.55,668.27,12.2,VehicleFlowWestToNorth.0
18.0,0.0,-1324_0,69.17,Vehicle,219.58,701.33,935.92,13.82,VehicleFlowWestToSouth.0
19.0,0.0,-1356_0,-102.46,Bus,98.98,575.19,1498.11,5.49,BusFlowEastWest0.0
19.0,0.0,28925528_1,-29.54,Bus,95.58,642.91,1231.51,0.0,BusFlowNorthSouth0.0
19.0,0.0,239331354_0,148.85,Bus,114.62,572.27,1222.56,0.0,BusFlowSouthNorth0.0
19.0,0.0,-240120122_0,66.83,Bus,216.78,630.93,1068.99,12.61,BusFlowWestEast0.0
19.0,0.0,-1354_0,-100.83,Vehicle,112.25,431.11,1746.67,13.5,VehicleFlowEastToNorth.0
19.0,0.0,-1354_0,-93.35,Vehicle,69.2,424.49,1789.04,13.32,VehicleFlowEastToSouth.0
19.0,0.0,-1354_0,-93.35,Vehicle,46.51,423.17,1811.64,12.71,VehicleFlowEastToWest.0
19.0,0.0,-1274_0,16.81,Vehicle,6.37,515.27,1850.41,2.27,VehicleFlowEastToWest.1
19.0,0.0,-1354_0,-107.83,Vehicle,223.88,455.66,1638.2,13.61,VehicleFlowEastToWest_0.0
19.0,0.0,-1354_0,-93.35,Vehicle,7.27,420.88,1850.73,3.17,VehicleFlowEastToWest_0.1
19.0,0.0,-1280#0_0,-56.23,Vehicle,229.65,630.7,2165.1,12.28,VehicleFlowEastToWest_1.0
19.0,0.0,-1280#0_0,-45.05,Vehicle,6.52,757.47,2348.27,2.42,VehicleFlowEastToWest_1.1
19.0,0.0,-1328#0_1,25.02,Vehicle,224.03,843.11,687.36,12.98,VehicleFlowWestToEast.0
19.0,0.0,-1328#0_1,22.52,Vehicle,153.59,905.07,654.12,12.62,VehicleFlowWestToEast.1
19.0,0.0,-1328#0_1,18.54,Vehicle,59.06,993.09,620.08,12.46,VehicleFlowWestToEast.2
19.0,0.0,229259796#0_0,71.4,Vehicle,192.25,621.4,1162.6,0.03,VehicleFlowWestToEast_0.0
19.0,0.0,229259796#0_0,71.4,Vehicle,118.33,644.98,1092.53,12.29,VehicleFlowWestToEast_0.1
19.0,0.0,229259796#0_0,71.4,Vehicle,14.26,678.16,993.89,6.62,VehicleFlowWestToEast_0.2
19.0,0.0,-1328#0_1,27.55,Vehicle,195.86,868.17,674.59,13.03,VehicleFlowWestToNorth.0
19.0,0.0,-1324_0,69.17,Vehicle,231.68,697.02,947.24,12.1,VehicleFlowWestToSouth.0
20.0,0.0,-1356_0,-102.46,Bus,103.83,576.24,1493.37,4.85,BusFlowEastWest0.0
20.0,0.0,28925528_1,-29.54,Bus,95.58,642.91,1231.51,0.0,BusFlowNorthSouth0.0
20.0,0.0,239331354_0,148.85,Bus,114.62,572.27,1222.56,0.0,BusFlowSouthNorth0.0
20.0,0.0,-240120122_0,66.69,Bus,230.1,625.66,1081.22,13.32,BusFlowWestEast0.0
20.0,0.0,-1354_0,-100.83,Vehicle,125.81,433.65,1733.38,13.56,VehicleFlowEastToNorth.0
20.0,0.0,-1354_0,-96.47,Vehicle,82.14,425.46,1776.18,12.94,VehicleFlowEastToSouth.0
20.0,0.0,-1354_0,-93.35,Vehicle,58.88,423.89,1799.32,12.37,VehicleFlowEastToWest.0
20.0,0.0,-1274_0,16.81,Vehicle,11.69,510.18,1851.95,5.32,VehicleFlowEastToWest.1
20.0,0.0,-1354_0,-107.83,Vehicle,237.06,459.69,1625.68,13.18,VehicleFlowEastToWest_0.0
20.0,0.0,-1354_0,-93.35,Vehicle,12.86,421.21,1845.16,5.6,VehicleFlowEastToWest_0.1
20.0,0.0,-1280#0_0,-56.23,Vehicle,243.11,623.23,2153.92,13.46,VehicleFlowEastToWest_1.0
20.0,0.0,-1280#0_0,-45.05,Vehicle,10.93,754.36,2345.15,4.41,VehicleFlowEastToWest_1.1
20.0,0.0,-1328#0_1,25.02,Vehicle,237.9,830.55,693.22,13.87,VehicleFlowWestToEast.0
20.0,0.0,-1328#0_1,29.84,Vehicle,165.82,894.28,659.82,12.24,VehicleFlowWestToEast.1
20.0,0.0,-1328#0_1,18.54,Vehicle,71.55,981.25,624.05,12.5,VehicleFlowWestToEast.2
20.0,0.0,-1328#0_0,18.54,Vehicle,4.1,1044.08,599.52,0.0,VehicleFlowWestToEast.3
20.0,0.0,229259796#0_0,71.4,Vehicle,192.26,621.4,1162.6,0.01,VehicleFlowWestToEast_0.0
20.0,0.0,229259796#0_0,71.4,Vehicle,131.18,640.88,1104.71,12.85,VehicleFlowWestToEast_0.1
20.0,0.0,229259796#0_0,71.4,Vehicle,23.63,675.17,1002.78,9.37,VehicleFlowWestToEast_0.2
20.0,0.0,-1328#0_1,27.55,Vehicle,209.11,856.44,680.71,13.25,VehicleFlowWestToNorth.0
20.0,0.0,-1324_0,69.17,Vehicle,243.9,692.67,958.68,12.22,VehicleFlowWestToSouth.0
21.0,0.0,-1356_0,-102.46,Bus,108.0,577.14,1489.29,4.18,BusFlowEastWest0.0
21.0,0.0,28925528_1,-29.54,Bus,95.58,642.91,1231.51,0.0,BusFlowNorthSouth0.0
21.0,0.0,239331354_0,148.85,Bus,114.62,572.27,1222.56,0.0,BusFlowSouthNorth0.0
21.0,0.0,-240120122_0,66.69,Bus,242.8,620.64,1092.88,12.69,BusFlowWestEast0.0
21.0,0.0,-1354_0,-100.83,Vehicle,137.98,435.93,1721.46,12.17,VehicleFlowEastToNorth.0
21.0,0.0,-1354_0,-100.83,Vehicle,94.42,427.77,1764.14,12.29,VehicleFlowEastToSouth.0
21.0,0.0,-1354_0,-93.35,Vehicle,72.19,424.67,1786.06,13.31,VehicleFlowEastToWest.0
21.0,0.0,-1274_0,16.81,Vehicle,20.36,501.88,1854.46,8.66,VehicleFlowEastToWest.1
21.0,0.0,-1354_0,-107.83,Vehicle,250.18,463.7,1613.22,13.12,VehicleFlowEastToWest_0.0
21.0,0.0,-1354_0,-93.35,Vehicle,21.91,421.74,1836.14,9.05,VehicleFlowEastToWest_0.1
21.0,0.0,-1280#0_0,-55.72,Vehicle,256.37,615.81,2142.94,13.26,VehicleFlowEastToWest_1.0
21.0,0.0,-1280#0_0,-52.93,Vehicle,18.92,749.14,2339.15,7.99,VehicleFlowEastToWest_1.1
21.0,0.0,-1328#0_1,27.69,Vehicle,250.07,819.62,698.53,12.17,VehicleFlowWestToEast.0
21.0,0.0,-1328#0_1,29.84,Vehicle,178.69,883.14,666.22,12.86,VehicleFlowWestToEast.1
21.0,0.0,-1328#0_1,18.54,Vehicle,84.85,968.66,628.28,13.3,VehicleFlowWestToEast.2
21.0,0.0,-1328#0_0,18.54,Vehicle,6.08,1042.2,600.14,1.98,VehicleFlowWestToEast.3
21.0,0.0,229259796#0_0,71.4,Vehicle,192.26,621.4,1162.6,0.0,VehicleFlowWestToEast_0.0
21.0,0.0,229259796#0_0,71.4,Vehicle,143.98,636.79,1116.84,12.8,VehicleFlowWestToEast_0.1
21.0,0.0,229259796#0_0,71.4,Vehicle,36.57,671.05,1015.04,12.94,VehicleFlowWestToEast_0.2
21.0,0.0,-1328#0_1,25.18,Vehicle,221.75,845.17,686.4,12.64,VehicleFlowWestToNorth.0
21.0,0.0,-1324_0,69.17,Vehicle,256.26,688.27,970.24,12.36,VehicleFlowWestToSouth.0
22.0,0.0,-1356_0,-102.56,Bus,112.85,578.2,1484.57,4.84,BusFlowEastWest0.0
22.0,0.0,28925528_1,-29.54,Bus,95.58,642.91,1231.51,0.0,BusFlowNorthSouth0.0
22.0,0.0,239331354_0,148.85,Bus,114.62,572.27,1222.56,0.0,BusFlowSouthNorth0.0
22.0,0.0,-240120122_0,75.85,Bus,256.53,616.85,1106.05,13.73,BusFlowWestEast0.0
22.0,0.0,-1354_0,-100.83,Vehicle,150.8,438.34,1708.9,12.82,VehicleFlowEastToNorth.0
22.0,0.0,-1354_0,-100.83,Vehicle,107.84,430.28,1750.99,13.42,VehicleFlowEastToSouth.0
22.0,0.0,-1354_0,-100.83,Vehicle,84.67,425.94,1773.7,12.48,VehicleFlowEastToWest.0
22.0,0.0,-1274_0,16.81,Vehicle,32.47,490.29,1857.96,12.11,VehicleFlowEastToWest.1
22.0,0.0,-1354_0,-107.83,Vehicle,262.45,467.45,1601.57,12.27,VehicleFlowEastToWest_0.0
22.0,0.0,-1354_0,-93.35,Vehicle,33.88,422.43,1824.22,11.97,VehicleFlowEastToWest_0.1
22.0,0.0,-1280#0_0,-55.72,Vehicle,269.99,608.15,2131.69,13.62,VehicleFlowEastToWest_1.0
22.0,0.0,-1280#0_0,-55.09,Vehicle,30.02,742.79,2330.06,11.1,VehicleFlowEastToWest_1.1
22.0,0.0,-1328#0_1,30.19,Vehicle,263.85,807.73,705.45,13.78,VehicleFlowWestToEast.0
22.0,0.0,-1328#0_1,29.1,Vehicle,192.5,871.15,673.04,13.81,VehicleFlowWestToEast.1
22.0,0.0,-1328#0_1,22.52,Vehicle,97.77,956.57,632.76,12.92,VehicleFlowWestToEast.2
22.0,0.0,-1328#0_0,18.54,Vehicle,11.55,1037.0,601.89,5.48,VehicleFlowWestToEast.3
22.0,0.0,229259796#0_0,71.4,Vehicle,192.26,621.4,1162.6,0.0,VehicleFlowWestToEast_0.0
22.0,0.0,229259796#0_0,71.4,Vehicle,157.47,632.49,1129.63,13.49,VehicleFlowWestToEast_0.1
22.0,0.0,229259796#0_0,71.4,Vehicle,49.09,667.05,1026.91,12.52,VehicleFlowWestToEast_0.2
22.0,0.0,-1328#0_1,25.02,Vehicle,235.19,833.01,692.08,13.44,VehicleFlowWestToNorth.0
22.0,0.0,-1328#0_0,18.54,Vehicle,4.1,1044.08,599.52,0.0,VehicleFlowWestToNorth.1
22.0,0.0,229259796#0_0,46.23,Vehicle,0.65,682.5,981.0,12.42,VehicleFlowWestToSouth.0
23.0,0.0,-1356_0,-103.01,Bus,117.56,579.26,1479.97,4.72,BusFlowEastWest0.0
23.0,0.0,28925528_1,-29.54,Bus,95.58,642.91,1231.51,0.0,BusFlowNorthSouth0.0
23.0,0.0,239331354_0,148.85,Bus,114.62,572.27,1222.56,0.0,BusFlowSouthNorth0.0
23.0,0.0,-240120122_0,75.85,Bus,269.22,613.75,1118.35,12.69,BusFlowWestEast0.0
23.0,0.0,-1354_0,-100.83,Vehicle,164.2,440.85,1695.76,13.41,VehicleFlowEastToNorth.0
23.0,0.0,-1354_0,-100.83,Vehicle,120.96,432.74,1738.14,13.12,VehicleFlowEastToSouth.0
23.0,0.0,-1354_0,-100.83,Vehicle,98.13,428.46,1760.51,13.46,VehicleFlowEastToWest.0
23.0,0.0,-1274_0,10.65,Vehicle,46.4,476.73,1861.12,13.93,VehicleFlowEastToWest.1
23.0,0.0,-1354_0,-107.83,Vehicle,274.8,471.22,1589.83,12.35,VehicleFlowEastToWest_0.0
23.0,0.0,-1354_0,-93.35,Vehicle,47.36,423.22,1810.79,13.48,VehicleFlowEastToWest_0.1
23.0,0.0,-1280#0_0,-32.48,Vehicle,282.2,597.79,2125.6,12.21,VehicleFlowEastToWest_1.0
23.0,0.0,-1280#0_0,-55.09,Vehicle,42.16,735.85,2320.11,12.14,VehicleFlowEastToWest_1.1
23.0,0.0,:-584_1_0,31.54,Vehicle,0.59,797.12,711.73,12.38,VehicleFlowWestToEast.0
23.0,0.0,-1328#0_1,27.55,Vehicle,204.77,860.28,678.7,12.27,VehicleFlowWestToEast.1
23.0,0.0,-1328#0_1,22.52,Vehicle,109.91,945.37,637.41,12.14,VehicleFlowWestToEast.2
23.0,0.0,-1328#0_0,18.54,Vehicle,20.48,1028.53,604.73,8.93,VehicleFlowWestToEast.3
23.0,0.0,229259796#0_0,71.4,Vehicle,192.26,621.4,1162.6,0.0,VehicleFlowWestToEast_0.0
23.0,0.0,229259796#0_1,71.41,Vehicle,171.15,631.26,1143.65,13.67,VehicleFlowWestToEast_0.1
23.0,0.0,229259796#0_0,71.4,Vehicle,62.04,662.92,1039.19,12.95,VehicleFlowWestToEast_0.2
23.0,0.0,-1328#0_1,25.42,Vehicle,248.32,821.14,697.65,13.13,VehicleFlowWestToNorth.0
23.0,0.0,-1328#0_0,18.54,Vehicle,6.73,1041.58,600.35,2.63,VehicleFlowWestToNorth.1
23.0,0.0,229259796#0_0,71.4,Vehicle,13.89,678.28,993.55,13.24,VehicleFlowWestToSouth.0
24.0,0.0,-1356_0,-103.03,Bus,121.79,580.21,1475.85,4.23,BusFlowEastWest0.0
24.0,0.0,28925528_1,-29.54,Bus,95.58,642.91,1231.51,0.0,BusFlowNorthSouth0.0
24.0,0.0,239331354_0,148.85,Bus,114.62,572.27,1222.56,0.0,BusFlowSouthNorth0.0
24.0,0.0,-240120122_0,76.8,Bus,282.21,610.67,1130.97,12.99,BusFlowWestEast0.0
24.0,0.0,-1354_0,-100.83,Vehicle,176.72,443.2,1683.49,12.52,VehicleFlowEastToNorth.0
24.0,0.0,-1354_0,-100.83,Vehicle,133.39,435.07,1725.96,12.43,VehicleFlowEastToSouth.0
24.0,0.0,-1354_0,-100.83,Vehicle,111.95,431.05,1746.96,13.82,VehicleFlowEastToWest.0
24.0,0.0,-1274_0,10.65,Vehicle,62.72,460.7,1864.14,16.32,VehicleFlowEastToWest.1
24.0,0.0,-1354_0,-107.83,Vehicle,288.48,475.4,1576.84,13.68,VehicleFlowEastToWest_0.0
24.0,0.0,-1354_0,-93.35,Vehicle,61.0,424.02,1797.21,13.64,VehicleFlowEastToWest_0.1
24.0,0.0,-1280#0_0,-43.9,Vehicle,295.99,586.71,2117.63,13.8,VehicleFlowEastToWest_1.0
24.0,0.0,-1280#0_0,-55.09,Vehicle,54.3,728.91,2310.16,12.14,VehicleFlowEastToWest_1.1
24.0,0.0,:-596_7_0,54.08,Vehicle,3.48,788.53,720.97,12.96,VehicleFlowWestToEast.0
24.0,0.0,-1328#0_1,27.55,Vehicle,217.09,849.37,684.4,12.32,VehicleFlowWestToEast.1
24.0,0.0,-1328#0_1,22.52,Vehicle,122.48,933.77,642.22,12.57,VehicleFlowWestToEast.2
24.0,0.0,-1328#0_1,18.54,Vehicle,31.9,1018.8,611.46,11.42,VehicleFlowWestToEast.3
24.0,0.0,229259796#0_0,71.4,Vehicle,192.26,621.4,1162.6,0.0,VehicleFlowWestToEast_0.0
24.0,0.0,229259796#0_1,71.41,Vehicle,181.54,627.95,1153.49,10.39,VehicleFlowWestToEast_0.1
24.0,0.0,229259796#0_0,71.4,Vehicle,74.91,658.82,1051.38,12.86,VehicleFlowWestToEast_0.2
24.0,0.0,-1328#0_1,30.19,Vehicle,261.24,809.99,704.14,12.92,VehicleFlowWestToNorth.0
24.0,0.0,-1328#0_0,18.54,Vehicle,12.95,1035.67,602.33,6.22,VehicleFlowWestToNorth.1
24.0,0.0,229259796#0_0,71.4,Vehicle,27.76,673.86,1006.69,13.86,VehicleFlowWestToSouth.0
25.0,0.0,-1356_0,-103.03,Bus,126.04,581.17,1471.71,4.25,BusFlowEastWest0.0
25.0,0.0,28925528_1,-29.54,Bus,95.58,642.91,1231.51,0.0,BusFlowNorthSouth0.0
25.0,0.0,239331354_0,148.85,Bus,114.62,572.27,1222.56,0.0,BusFlowSouthNorth0.0
25.0,0.0,-240120122_0,82.08,Bus,295.92,608.79,1144.55,13.71,BusFlowWestEast0.0
25.0,0.0,-1354_0,-100.83,Vehicle,189.61,445.62,1670.86,12.89,VehicleFlowEastToNorth.0
25.0,0.0,-1354_0,-100.83,Vehicle,145.49,437.34,1714.1,12.1,VehicleFlowEastToSouth.0
25.0,0.0,-1354_0,-100.83,Vehicle,125.38,433.57,1733.81,13.42,VehicleFlowEastToWest.0
25.0,0.0,-1274_0,3.12,Vehicle,77.35,446.22,1866.02,14.63,VehicleFlowEastToWest.1
25.0,0.0,-1354_0,-107.83,Vehicle,301.6,479.41,1564.38,13.12,VehicleFlowEastToWest_0.0
25.0,0.0,-1354_0,-93.35,Vehicle,74.43,424.8,1783.84,13.42,VehicleFlowEastToWest_0.1
25.0,0.0,-1280#0_0,-55.6,Vehicle,309.67,578.99,2106.36,13.67,VehicleFlowEastToWest_1.0
25.0,0.0,-1280#0_0,-55.09,Vehicle,66.52,721.92,2300.15,12.22,VehicleFlowEastToWest_1.1
25.0,0.0,-1324_1,64.21,Vehicle,0.57,783.6,733.51,13.58,VehicleFlowWestToEast.0
25.0,0.0,-1328#0_1,25.02,Vehicle,229.56,838.1,689.7,12.47,VehicleFlowWestToEast.1
25.0,0.0,-1328#0_1,22.52,Vehicle,134.9,922.31,646.97,12.43,VehicleFlowWestToEast.2
25.0,0.0,-1328#0_1,18.54,Vehicle,45.03,1006.37,615.63,13.13,VehicleFlowWestToEast.3
25.0,0.0,229259796#0_0,71.4,Vehicle,192.26,621.4,1162.6,0.0,VehicleFlowWestToEast_0.0
25.0,0.0,229259796#0_1,71.41,Vehicle,187.8,625.95,1159.42,6.26,VehicleFlowWestToEast_0.1
25.0,0.0,229259796#0_0,71.4,Vehicle,87.82,654.7,1063.61,12.91,VehicleFlowWestToEast_0.2
25.0,0.0,229259796#0_0,71.4,Vehicle,4.1,681.4,984.27,0.0,VehicleFlowWestToEast_0.3
25.0,0.0,-1328#0_1,30.19,Vehicle,274.75,798.32,710.92,13.51,VehicleFlowWestToNorth.0
25.0,0.0,-1328#0_0,18.54,Vehicle,21.83,1027.25,605.16,8.87,VehicleFlowWestToNorth.1
25.0,0.0,229259796#0_0,71.4,Vehicle,41.38,669.51,1019.6,13.62,VehicleFlowWestToSouth.0
26.0,0.0,-1356_0,-103.03,Bus,130.25,582.12,1467.61,4.21,BusFlowEastWest0.0
26.0,0.0,28925528_1,-29.54,Bus,95.58,642.91,1231.51,0.0,BusFlowNorthSouth0.0
26.0,0.0,239331354_0,148.85,Bus,114.62,572.27,1222.56,0.0,BusFlowSouthNorth0.0
26.0,0.0,-240120122_0,82.08,Bus,309.69,606.89,1158.19,13.77,BusFlowWestEast0.0
26.0,0.0,-1354_0,-107.83,Vehicle,201.84,448.93,1659.14,12.23,VehicleFlowEastToNorth.0
26.0,0.0,-1354_0,-100.83,Vehicle,157.81,439.65,1702.02,12.32,VehicleFlowEastToSouth.0
26.0,0.0,-1354_0,-100.83,Vehicle,137.12,435.77,1722.3,11.74,VehicleFlowEastToWest.0
26.0,0.0,-1274_0,3.0,Vehicle,88.61,434.98,1866.62,11.25,VehicleFlowEastToWest.1
26.0,0.0,-1354_0,-109.26,Vehicle,314.89,483.69,1551.83,13.29,VehicleFlowEastToWest_0.0
26.0,0.0,-1354_0,-100.83,Vehicle,87.56,426.48,1770.87,13.14,VehicleFlowEastToWest_0.1
26.0,0.0,-1280#0_0,-55.6,Vehicle,321.9,572.09,2096.28,12.23,VehicleFlowEastToWest_1.0
26.0,0.0,-1280#0_0,-55.09,Vehicle,79.4,714.56,2289.6,12.88,VehicleFlowEastToWest_1.1
26.0,0.0,-1324_1,58.69,Vehicle,14.34,776.45,745.27,13.77,VehicleFlowWestToEast.0
26.0,0.0,-1328#0_1,25.02,Vehicle,241.9,826.93,694.91,12.34,VehicleFlowWestToEast.1
26.0,0.0,-1328#0_1,22.52,Vehicle,148.28,909.96,652.09,13.38,VehicleFlowWestToEast.2
26.0,0.0,-1328#0_1,18.54,Vehicle,58.57,993.54,619.93,13.55,VehicleFlowWestToEast.3
26.0,0.0,-1328#0_0,18.54,Vehicle,4.1,1044.08,599.52,0.0,VehicleFlowWestToEast.4
26.0,0.0,229259796#0_0,71.4,Vehicle,192.26,621.4,1162.6,0.0,VehicleFlowWestToEast_0.0
26.0,0.0,229259796#0_1,71.41,Vehicle,191.73,624.7,1163.15,3.93,VehicleFlowWestToEast_0.1
26.0,0.0,229259796#0_0,71.4,Vehicle,100.03,650.81,1075.19,12.21,VehicleFlowWestToEast_0.2
26.0,0.0,229259796#0_0,71.4,Vehicle,6.41,680.66,986.46,2.31,VehicleFlowWestToEast_0.3
26.0,0.0,:-596_7_0,52.78,Vehicle,2.73,788.96,720.36,13.69,VehicleFlowWestToNorth.0
26.0,0.0,-1328#0_1,18.54,Vehicle,32.84,1017.91,611.76,11.01,VehicleFlowWestToNorth.1
26.0,0.0,229259796#0_0,71.4,Vehicle,54.57,665.31,1032.1,13.19,VehicleFlowWestToSouth.0
27.0,0.0,-1356_0,-103.03,Bus,135.53,583.31,1462.46,5.28,BusFlowEastWest0.0
27.0,0.0,28925528_1,-29.54,Bus,95.58,642.91,1231.51,0.0,BusFlowNorthSouth0.0
27.0,0.0,239331354_0,148.85,Bus,114.62,572.27,1222.56,0.0,BusFlowSouthNorth0.0
27.0,0.0,-240120122_0,82.08,Bus,322.13,605.18,1170.5,12.43,BusFlowWestEast0.0
27.0,0.0,-1354_0,-107.83,Vehicle,215.01,452.95,1646.62,13.17,VehicleFlowEastToNorth.0
27.0,0.0,-1354_0,-100.83,Vehicle,170.14,441.96,1689.94,12.33,VehicleFlowEastToSouth.0
27.0,0.0,-1354_0,-100.83,Vehicle,148.83,437.97,1710.83,11.71,VehicleFlowEastToWest.0
27.0,0.0,-1274_0,-3.83,Vehicle,95.36,428.3,1866.5,6.75,VehicleFlowEastToWest.1
27.0,0.0,-1354_0,-109.26,Vehicle,327.84,487.96,1539.63,12.95,VehicleFlowEastToWest_0.0
27.0,0.0,-1354_0,-100.83,Vehicle,100.84,428.97,1757.85,13.28,VehicleFlowEastToWest_0.1
27.0,0.0,-1280#0_0,-55.6,Vehicle,334.47,564.99,2085.92,12.57,VehicleFlowEastToWest_1.0
27.0,0.0,-1280#0_0,-55.09,Vehicle,92.38,707.14,2278.97,12.97,VehicleFlowEastToWest_1.1
27.0,0.0,-1324_1,69.81,Vehicle,27.71,771.82,757.79,13.37,VehicleFlowWestToEast.0
27.0,0.0,-1328#0_1,30.19,Vehicle,254.02,816.22,700.51,12.12,VehicleFlowWestToEast.1
27.0,0.0,-1328#0_1,29.84,Vehicle,161.75,897.81,657.8,13.47,VehicleFlowWestToEast.2
27.0,0.0,-1328#0_1,18.54,Vehicle,72.17,980.66,624.25,13.6,VehicleFlowWestToEast.3
27.0,0.0,-1328#0_0,18.54,Vehicle,6.94,1041.38,600.42,2.84,VehicleFlowWestToEast.4
27.0,0.0,229259796#0_0,71.4,Vehicle,192.26,621.4,1162.6,0.0,VehicleFlowWestToEast_0.0
27.0,0.0,229259796#0_1,71.41,Vehicle,192.05,624.6,1163.45,0.32,VehicleFlowWestToEast_0.1
27.0,0.0,229259796#0_0,71.4,Vehicle,113.5,646.51,1087.96,13.47,VehicleFlowWestToEast_0.2
27.0,0.0,229259796#0_0,71.4,Vehicle,11.26,679.12,991.05,4.84,VehicleFlowWestToEast_0.3
27.0,0.0,:-596_7_0,65.12,Vehicle,15.7,784.22,732.32,12.97,VehicleFlowWestToNorth.0
27.0,0.0,-1328#0_1,18.54,Vehicle,45.93,1005.52,615.92,13.09,VehicleFlowWestToNorth.1
27.0,0.0,229259796#0_0,71.4,Vehicle,67.0,661.34,1043.89,12.44,VehicleFlowWestToSouth.0
28.0,0.0,-1356_0,-103.03,Bus,139.75,584.26,1458.36,4.22,BusFlowEastWest0.0
28.0,0.0,28925528_1,-29.54,Bus,95.58,642.91,1231.51,0.0,BusFlowNorthSouth0.0
28.0,0.0,239331354_0,148.85,Bus,114.62,572.27,1222.56,0.0,BusFlowSouthNorth0.0
28.0,0.0,-240120122_0,82.08,Bus,330.06,604.08,1178.36,7.93,BusFlowWestEast0.0
28.0,0.0,-1354_0,-107.83,Vehicle,227.43,456.74,1634.83,12.41,VehicleFlowEastToNorth.0
28.0,0.0,-1354_0,-100.83,Vehicle,182.46,444.27,1677.87,12.31,VehicleFlowEastToSouth.0
28.0,0.0,-1354_1,-100.82,Vehicle,162.19,437.23,1697.17,13.36,VehicleFlowEastToWest.0
28.0,0.0,:431399507_0_0,-44.91,Vehicle,5.68,421.27,1862.26,9.09,VehicleFlowEastToWest.1
28.0,0.0,-1354_0,-109.26,Vehicle,341.41,492.42,1526.85,13.57,VehicleFlowEastToWest_0.0
28.0,0.0,-1354_0,-100.83,Vehicle,114.5,431.53,1744.47,13.66,VehicleFlowEastToWest_0.1
28.0,0.0,-1280#0_0,-55.6,Vehicle,347.15,557.84,2075.46,12.68,VehicleFlowEastToWest_1.0
28.0,0.0,-1280#0_0,-55.09,Vehicle,104.62,700.14,2268.94,12.24,VehicleFlowEastToWest_1.1
28.0,0.0,-1324_1,69.81,Vehicle,40.52,767.4,769.81,12.82,VehicleFlowWestToEast.0
28.0,0.0,-1328#0_1,30.19,Vehicle,267.42,804.65,707.24,13.4,VehicleFlowWestToEast.1
28.0,0.0,-1328#0_1,29.84,Vehicle,175.3,886.07,664.54,13.55,VehicleFlowWestToEast.2
28.0,0.0,-1328#0_1,18.54,Vehicle,85.05,968.47,628.34,12.88,VehicleFlowWestToEast.3
28.0,0.0,-1328#0_0,18.54,Vehicle,11.86,1036.71,601.99,4.92,VehicleFlowWestToEast.4
28.0,0.0,229259796#0_0,71.4,Vehicle,192.26,621.4,1162.6,0.0,VehicleFlowWestToEast_0.0
28.0,0.0,229259796#0_1,71.41,Vehicle,192.21,624.54,1163.61,0.16,VehicleFlowWestToEast_0.1
28.0,0.0,229259796#0_0,71.4,Vehicle,126.35,642.42,1100.14,12.85,VehicleFlowWestToEast_0.2
28.0,0.0,229259796#0_0,71.4,Vehicle,18.57,676.79,997.98,7.31,VehicleFlowWestToEast_0.3
28.0,0.0,-1324_1,58.69,Vehicle,11.4,777.97,742.76,12.19,VehicleFlowWestToNorth.0
28.0,0.0,-1328#0_1,18.54,Vehicle,58.67,993.46,619.96,12.74,VehicleFlowWestToNorth.1
28.0,0.0,229259796#0_0,71.4,Vehicle,79.62,657.32,1055.84,12.61,VehicleFlowWestToSouth.0
29.0,0.0,-1356_0,-103.03,Bus,145.28,585.51,1452.97,5.53,BusFlowEastWest0.0
29.0,0.0,28925528_1,-29.54,Bus,95.58,642.91,1231.51,0.0,BusFlowNorthSouth0.0
29.0,0.0,239331354_0,148.85,Bus,114.62,572.27,1222.56,0.0,BusFlowSouthNorth0.0
29.0,0.0,-240120122_0,82.08,Bus,333.49,603.61,1181.76,3.43,BusFlowWestEast0.0
29.0,0.0,-1354_0,-107.83,Vehicle,240.4,460.71,1622.51,12.97,VehicleFlowEastToNorth.0
29.0,0.0,-1354_0,-105.06,Vehicle,195.63,447.03,1665.03,13.17,VehicleFlowEastToSouth.0
29.0,0.0,-1354_1,-100.82,Vehicle,176.05,439.83,1683.56,13.86,VehicleFlowEastToWest.0
29.0,0.0,-1354_0,-93.35,Vehicle,6.62,420.85,1851.37,11.58,VehicleFlowEastToWest.1
29.0,0.0,-1354_0,-109.26,Vehicle,355.02,496.9,1514.03,13.6,VehicleFlowEastToWest_0.0
29.0,0.0,-1354_0,-100.83,Vehicle,127.22,433.92,1732.0,12.72,VehicleFlowEastToWest_0.1
29.0,0.0,-1280#0_0,-55.6,Vehicle,359.43,550.9,2065.34,12.28,VehicleFlowEastToWest_1.0
29.0,0.0,-1280#0_0,-56.23,Vehicle,118.45,692.46,2257.45,13.83,VehicleFlowEastToWest_1.1
29.0,0.0,-1324_1,69.81,Vehicle,52.85,763.15,781.36,12.33,VehicleFlowWestToEast.0
29.0,0.0,:-584_1_0,39.82,Vehicle,4.99,793.94,714.38,13.21,VehicleFlowWestToEast.1
29.0,0.0,-1328#0_1,29.84,Vehicle,187.56,875.45,670.63,12.25,VehicleFlowWestToEast.2
29.0,0.0,-1328#0_1,22.52,Vehicle,98.89,955.54,633.19,13.83,VehicleFlowWestToEast.3
29.0,0.0,-1328#0_0,18.54,Vehicle,19.4,1029.56,604.38,7.54,VehicleFlowWestToEast.4
29.0,0.0,229259796#0_0,71.4,Vehicle,192.26,621.4,1162.6,0.0,VehicleFlowWestToEast_0.0
29.0,0.0,229259796#0_1,71.41,Vehicle,192.24,624.54,1163.63,0.02,VehicleFlowWestToEast_0.1
29.0,0.0,229259796#0_0,71.4,Vehicle,138.75,638.46,1111.89,12.4,VehicleFlowWestToEast_0.2
29.0,0.0,229259796#0_0,71.4,Vehicle,27.89,673.82,1006.82,9.33,VehicleFlowWestToEast_0.3
29.0,0.0,-1324_1,69.81,Vehicle,23.82,773.16,754.15,12.42,VehicleFlowWestToNorth.0
29.0,0.0,-1328#0_1,18.54,Vehicle,71.3,981.49,623.97,12.64,VehicleFlowWestToNorth.1
29.0,0.0,229259796#0_0,71.4,Vehicle,92.31,653.27,1067.87,12.69,VehicleFlowWestToSouth.0
30.0,0.0,-1356_0,-103.03,Bus,150.53,586.69,1447.85,5.25,BusFlowEastWest0.0
30.0,0.0,28925528_1,-29.54,Bus,95.58,642.91,1231.51,0.0,BusFlowNorthSouth0.0
30.0,0.0,239331354_0,148.85,Bus,114.62,572.27,1222.56,0.0,BusFlowSouthNorth0.0
30.0,0.0,-240120122_0,82.08,Bus,333.55,603.6,1181.82,0.06,BusFlowWestEast0.0
30.0,0.0,-1354_0,-107.83,Vehicle,252.9,464.53,1610.63,12.51,VehicleFlowEastToNorth.0
30.0,0.0,-1354_0,-107.83,Vehicle,208.79,451.05,1652.53,13.16,VehicleFlowEastToSouth.0
30.0,0.0,-1354_1,-100.82,Vehicle,188.65,442.2,1671.18,12.6,VehicleFlowEastToWest.0
30.0,0.0,-1354_0,-93.35,Vehicle,19.69,421.61,1838.35,13.07,VehicleFlowEastToWest.1
30.0,0.0,-1354_0,-110.16,Vehicle,368.1,501.38,1501.78,13.08,VehicleFlowEastToWest_0.0
30.0,0.0,-1354_0,-100.83,Vehicle,140.85,436.47,1718.64,13.63,VehicleFlowEastToWest_0.1
30.0,0.0,-1280#0_0,-55.6,Vehicle,372.23,543.68,2054.79,12.8,VehicleFlowEastToWest_1.0
30.0,0.0,-1280#0_0,-56.23,Vehicle,131.85,685.01,2246.32,13.4,VehicleFlowEastToWest_1.1
30.0,0.0,-1324_0,69.8,Vehicle,65.38,755.9,791.52,12.53,VehicleFlowWestToEast.0
30.0,0.0,:-596_7_0,71.65,Vehicle,8.57,786.65,725.65,13.65,VehicleFlowWestToEast.1
30.0,0.0,-1328#0_1,27.55,Vehicle,200.34,864.2,676.66,12.78,VehicleFlowWestToEast.2
30.0,0.0,-1328#0_1,22.52,Vehicle,112.58,942.9,638.43,13.69,VehicleFlowWestToEast.3
30.0,0.0,-1328#0_0,18.54,Vehicle,29.68,1019.79,607.66,10.29,VehicleFlowWestToEast.4
30.0,0.0,229259796#0_0,71.4,Vehicle,192.26,621.4,1162.6,0.0,VehicleFlowWestToEast_0.0
30.0,0.0,229259796#0_1,71.41,Vehicle,192.25,624.53,1163.64,0.01,VehicleFlowWestToEast_0.1
30.0,0.0,229259796#0_0,71.4,Vehicle,151.6,634.36,1124.07,12.85,VehicleFlowWestToEast_0.2
30.0,0.0,229259796#0_0,71.4,Vehicle,39.55,670.1,1017.87,11.66,VehicleFlowWestToEast_0.3
30.0,0.0,-1324_1,69.81,Vehicle,35.92,768.98,765.49,12.1,VehicleFlowWestToNorth.0
30.0,0.0,-1328#0_1,18.54,Vehicle,84.52,968.97,628.17,13.22,VehicleFlowWestToNorth.1
30.0,0.0,229259796#0_0,71.4,Vehicle,106.18,648.85,1081.02,13.87,VehicleFlowWestToSouth.0
31.0,0.0,-1356_0,-102.79,Bus,155.62,587.82,1442.89,5.09,BusFlowEastWest0.0
31.0,0.0,28925528_1,-29.54,Bus,95.58,642.91,1231.51,0.0,BusFlowNorthSouth0.0
31.0,0.0,239331354_0,148.85,Bus,114.62,572.27,1222.56,0.0,BusFlowSouthNorth0.0
31.0,0.0,-240120122_0,82.08,Bus,333.59,603.6,1181.86,0.03,BusFlowWestEast0.0
31.0,0.0,-1354_0,-107.83,Vehicle,265.77,468.46,1598.41,12.87,VehicleFlowEastToNorth.0
31.0,0.0,-1354_0,-107.83,Vehicle,221.45,454.92,1640.51,12.65,VehicleFlowEastToSouth.0
31.0,0.0,-1354_1,-107.82,Vehicle,202.36,445.85,1657.99,13.71,VehicleFlowEastToWest.0
31.0,0.0,-1354_0,-93.35,Vehicle,33.44,422.41,1824.66,13.75,VehicleFlowEastToWest.1
31.0,0.0,-1354_0,-110.16,Vehicle,380.99,505.81,1489.7,12.9,VehicleFlowEastToWest_0.0
31.0,0.0,-1354_0,-100.83,Vehicle,153.2,438.79,1706.54,12.34,VehicleFlowEastToWest_0.1
31.0,0.0,-1280#0_0,-55.6,Vehicle,385.36,536.26,2043.96,13.13,VehicleFlowEastToWest_1.0
31.0,0.0,-1280#0_0,-56.23,Vehicle,144.7,677.88,2235.65,12.85,VehicleFlowEastToWest_1.1
31.0,0.0,-1324_0,69.8,Vehicle,77.97,751.55,803.34,12.59,VehicleFlowWestToEast.0
31.0,0.0,-1324_1,58.69,Vehicle,5.14,781.22,737.41,13.06,VehicleFlowWestToEast.1
31.0,0.0,-1328#0_1,27.55,Vehicle,212.97,853.02,682.49,12.63,VehicleFlowWestToEast.2
31.0,0.0,-1328#0_1,22.52,Vehicle,126.09,930.44,643.6,13.51,VehicleFlowWestToEast.3
31.0,0.0,-1328#0_1,18.54,Vehicle,43.19,1008.11,615.05,13.5,VehicleFlowWestToEast.4
31.0,0.0,229259796#0_0,71.4,Vehicle,192.26,621.4,1162.6,0.0,VehicleFlowWestToEast_0.0
31.0,0.0,229259796#0_1,71.41,Vehicle,192.25,624.53,1163.65,0.0,VehicleFlowWestToEast_0.1
31.0,0.0,229259796#0_0,71.4,Vehicle,164.51,630.25,1136.3,12.91,VehicleFlowWestToEast_0.2
31.0,0.0,229259796#0_0,71.4,Vehicle,53.13,665.77,1030.74,13.58,VehicleFlowWestToEast_0.3
31.0,0.0,-1324_1,69.81,Vehicle,49.55,764.29,778.27,13.63,VehicleFlowWestToNorth.0
31.0,0.0,-1328#0_1,22.52,Vehicle,97.54,956.78,632.67,13.02,VehicleFlowWestToNorth.1
31.0,0.0,229259796#0_0,71.4,Vehicle,118.72,644.85,1092.9,12.54,VehicleFlowWestToSouth.0
32.0,0.0,-1356_0,-101.87,Bus,160.45,588.81,1438.17,4.83,BusFlowEastWest0.0
32.0,0.0,28925528_1,-29.54,Bus,95.58,642.91,1231.51,0.0,BusFlowNorthSouth0.0
32.0,0.0,239331354_0,148.85,Bus,114.62,572.27,1222.56,0.0,BusFlowSouthNorth0.0
32.0,0.0,-240120122_0,82.08,Bus,333.59,603.6,1181.86,0.0,BusFlowWestEast0.0
32.0,0.0,-1354_0,-107.83,Vehicle,279.57,472.68,1585.31,13.79,VehicleFlowEastToNorth.0
32.0,0.0,-1354_0,-107.83,Vehicle,233.97,458.74,1628.62,12.52,VehicleFlowEastToSouth.0
32.0,0.0,-1354_2,-107.81,Vehicle,215.12,446.53,1645.18,12.76,VehicleFlowEastToWest.0
32.0,0.0,-1354_0,-93.35,Vehicle,46.32,423.16,1811.83,12.88,VehicleFlowEastToWest.1
32.0,0.0,-1354_0,-110.16,Vehicle,394.24,510.37,1477.29,13.24,VehicleFlowEastToWest_0.0
32.0,0.0,-1354_0,-100.83,Vehicle,165.36,441.07,1694.63,12.16,VehicleFlowEastToWest_0.1
32.0,0.0,-1280#0_0,-55.09,Vehicle,398.57,528.77,2033.1,13.21,VehicleFlowEastToWest_1.0
32.0,0.0,-1280#0_0,-56.23,Vehicle,156.82,671.15,2225.58,12.12,VehicleFlowEastToWest_1.1
32.0,0.0,-1324_0,69.8,Vehicle,90.83,747.1,815.43,12.86,VehicleFlowWestToEast.0
32.0,0.0,-1324_1,67.74,Vehicle,17.7,775.27,748.41,12.57,VehicleFlowWestToEast.1
32.0,0.0,-1328#0_1,25.02,Vehicle,225.18,842.06,687.85,12.21,VehicleFlowWestToEast.2
32.0,0.0,-1328#0_1,22.52,Vehicle,139.25,918.29,648.63,13.16,VehicleFlowWestToEast.3
32.0,0.0,-1328#0_1,18.54,Vehicle,55.44,996.51,618.94,12.25,VehicleFlowWestToEast.4
32.0,0.0,229259796#0_0,71.4,Vehicle,192.26,621.4,1162.6,0.0,VehicleFlowWestToEast_0.0
32.0,0.0,229259796#0_1,71.41,Vehicle,192.26,624.53,1163.65,0.0,VehicleFlowWestToEast_0.1
32.0,0.0,229259796#0_0,71.4,Vehicle,175.86,626.63,1147.06,11.35,VehicleFlowWestToEast_0.2
32.0,0.0,229259796#0_0,71.4,Vehicle,66.34,661.56,1043.25,13.21,VehicleFlowWestToEast_0.3
32.0,0.0,-1324_1,69.81,Vehicle,63.19,759.58,791.05,13.64,VehicleFlowWestToNorth.0
32.0,0.0,-1328#0_1,22.52,Vehicle,110.1,945.2,637.48,12.56,VehicleFlowWestToNorth.1
32.0,0.0,229259796#0_0,71.4,Vehicle,131.74,640.7,1105.25,13.02,VehicleFlowWestToSouth.0
33.0,0.0,-1356_0,-101.87,Bus,165.31,589.81,1433.41,4.86,BusFlowEastWest0.0
33.0,0.0,28925528_1,-29.54,Bus,95.58,642.91,1231.51,0.0,BusFlowNorthSouth0.0
33.0,0.0,239331354_0,148.85,Bus,114.62,572.27,1222.56,0.0,BusFlowSouthNorth0.0
33.0,0.0,-240120122_0,82.08,Bus,333.59,603.6,1181.86,0.0,BusFlowWestEast0.0
33.0,0.0,-1354_0,-107.83,Vehicle,291.67,476.38,1573.81,12.11,VehicleFlowEastToNorth.0
33.0,0.0,-1354_0,-107.83,Vehicle,246.23,462.49,1616.97,12.26,VehicleFlowEastToSouth.0
33.0,0.0,-1354_2,-107.81,Vehicle,227.67,450.37,1633.2,12.55,VehicleFlowEastToWest.0
33.0,0.0,-1354_0,-93.35,Vehicle,59.2,423.91,1799.0,12.88,VehicleFlowEastToWest.1
33.0,0.0,-1354_0,-110.16,Vehicle,406.43,514.56,1465.87,12.19,VehicleFlowEastToWest_0.0
33.0,0.0,-1354_0,-100.83,Vehicle,177.81,443.4,1682.43,12.45,VehicleFlowEastToWest_0.1
33.0,0.0,-1280#0_0,-55.09,Vehicle,411.86,521.17,2022.22,13.28,VehicleFlowEastToWest_1.0
33.0,0.0,-1280#0_0,-56.23,Vehicle,169.01,664.38,2215.46,12.19,VehicleFlowEastToWest_1.1
33.0,0.0,-1324_0,69.17,Vehicle,103.81,742.54,827.59,12.97,VehicleFlowWestToEast.0
33.0,0.0,-1324_1,69.81,Vehicle,30.21,770.95,760.14,12.51,VehicleFlowWestToEast.1
33.0,0.0,-1328#0_1,25.02,Vehicle,238.55,829.97,693.5,13.36,VehicleFlowWestToEast.2
33.0,0.0,-1328#0_1,22.52,Vehicle,152.39,906.18,653.66,13.13,VehicleFlowWestToEast.3
33.0,0.0,-1328#0_1,18.54,Vehicle,68.83,983.83,623.19,13.39,VehicleFlowWestToEast.4
33.0,0.0,-1328#0_0,18.54,Vehicle,4.1,1044.08,599.52,0.0,VehicleFlowWestToEast.5
33.0,0.0,229259796#0_0,71.4,Vehicle,192.26,621.4,1162.6,0.0,VehicleFlowWestToEast_0.0
33.0,0.0,229259796#0_1,71.41,Vehicle,192.26,624.53,1163.65,0.0,VehicleFlowWestToEast_0.1
33.0,0.0,229259796#0_0,71.4,Vehicle,182.71,624.44,1153.55,6.85,VehicleFlowWestToEast_0.2
33.0,0.0,229259796#0_0,71.4,Vehicle,78.96,657.53,1055.22,12.63,VehicleFlowWestToEast_0.3
33.0,0.0,-1324_1,69.81,Vehicle,75.52,755.33,802.61,12.33,VehicleFlowWestToNorth.0
33.0,0.0,-1328#0_1,22.52,Vehicle,122.55,933.7,642.24,12.46,VehicleFlowWestToNorth.1
33.0,0.0,229259796#0_0,71.4,Vehicle,143.85,636.84,1116.72,12.11,VehicleFlowWestToSouth.0
34.0,0.0,-1356_0,-101.87,Bus,170.02,590.78,1428.8,4.71,BusFlowEastWest0.0
34.0,0.0,28925528_1,-29.54,Bus,95.58,642.91,1231.51,0.0,BusFlowNorthSouth0.0
34.0,0.0,239331354_0,148.85,Bus,114.62,572.27,1222.56,0.0,BusFlowSouthNorth0.0
34.0,0.0,-240120122_0,82.08,Bus,333.59,603.6,1181.86,0.0,BusFlowWestEast0.0
34.0,0.0,-1354_0,-107.83,Vehicle,304.14,480.18,1561.96,12.47,VehicleFlowEastToNorth.0
34.0,0.0,-1354_0,-107.83,Vehicle,259.74,466.62,1604.14,13.5,VehicleFlowEastToSouth.0
34.0,0.0,-1354_2,-107.81,Vehicle,240.01,454.16,1621.43,12.34,VehicleFlowEastToWest.0
34.0,0.0,-1354_0,-93.35,Vehicle,72.99,424.71,1785.27,13.79,VehicleFlowEastToWest.1
34.0,0.0,-1354_0,-110.16,Vehicle,418.61,518.75,1454.46,12.18,VehicleFlowEastToWest_0.0
34.0,0.0,-1354_0,-100.83,Vehicle,190.47,445.78,1670.02,12.66,VehicleFlowEastToWest_0.1
34.0,0.0,-1280#0_0,-55.09,Vehicle,425.31,513.48,2011.2,13.45,VehicleFlowEastToWest_1.0
34.0,0.0,-1280#0_0,-56.23,Vehicle,181.31,657.55,2205.25,12.3,VehicleFlowEastToWest_1.1
34.0,0.0,-1324_0,69.17,Vehicle,117.58,737.64,840.47,13.77,VehicleFlowWestToEast.0
34.0,0.0,-1324_1,69.81,Vehicle,43.87,766.25,772.94,13.66,VehicleFlowWestToEast.1
34.0,0.0,-1328#0_1,30.19,Vehicle,252.05,817.92,699.52,13.5,VehicleFlowWestToEast.2
34.0,0.0,-1328#0_1,29.84,Vehicle,166.1,894.05,659.96,13.71,VehicleFlowWestToEast.3
34.0,0.0,-1328#0_1,18.54,Vehicle,82.08,971.28,627.4,13.25,VehicleFlowWestToEast.4
34.0,0.0,-1328#0_0,18.54,Vehicle,7.65,1040.7,600.65,3.55,VehicleFlowWestToEast.5
34.0,0.0,229259796#0_0,71.4,Vehicle,192.26,621.4,1162.6,0.0,VehicleFlowWestToEast_0.0
34.0,0.0,229259796#0_1,71.41,Vehicle,192.26,624.53,1163.65,0.0,VehicleFlowWestToEast_0.1
34.0,0.0,229259796#0_0,71.4,Vehicle,186.27,623.31,1156.93,3.56,VehicleFlowWestToEast_0.2
34.0,0.0,229259796#0_0,71.4,Vehicle,91.44,653.55,1067.04,12.47,VehicleFlowWestToEast_0.3
34.0,0.0,229259796#0_0,71.4,Vehicle,4.1,681.4,984.27,0.0,VehicleFlowWestToEast_0.4
34.0,0.0,-1324_1,69.81,Vehicle,89.37,750.56,815.6,13.86,VehicleFlowWestToNorth.0
34.0,0.0,-1328#0_1,22.52,Vehicle,135.42,921.83,647.17,12.86,VehicleFlowWestToNorth.1
34.0,0.0,229259796#0_0,71.4,Vehicle,156.96,632.66,1129.15,13.11,VehicleFlowWestToSouth.0
35.0,0.0,-1356_0,-101.87,Bus,174.62,591.72,1424.3,4.6,BusFlowEastWest0.0
35.0,0.0,28925528_1,-29.54,Bus,95.58,642.91,1231.51,0.0,BusFlowNorthSouth0.0
35.0,0.0,239331354_0,148.85,Bus,114.62,572.27,1222.56,0.0,BusFlowSouthNorth0.0
35.0,0.0,-240120122_0,82.08,Bus,333.59,603.6,1181.86,0.0,BusFlowWestEast0.0
35.0,0.0,-1354_0,-109.26,Vehicle,317.37,484.51,1549.5,13.22,VehicleFlowEastToNorth.0
35.0,0.0,-1354_0,-107.83,Vehicle,273.33,470.77,1591.23,13.59,VehicleFlowEastToSouth.0
35.0,0.0,-1354_2,-107.81,Vehicle,252.73,458.05,1609.29,12.72,VehicleFlowEastToWest.0
35.0,0.0,-1354_0,-100.83,Vehicle,85.93,426.17,1772.47,12.94,VehicleFlowEastToWest.1
35.0,0.0,-1354_0,-110.16,Vehicle,431.19,523.08,1442.68,12.58,VehicleFlowEastToWest_0.0
35.0,0.0,-1354_0,-107.83,Vehicle,202.6,449.16,1658.42,12.13,VehicleFlowEastToWest_0.1
35.0,0.0,-1280#0_0,-55.09,Vehicle,438.55,505.91,2000.35,13.24,VehicleFlowEastToWest_1.0
35.0,0.0,-1280#0_0,-56.23,Vehicle,194.6,650.17,2194.21,13.29,VehicleFlowEastToWest_1.1
35.0,0.0,-1324_0,69.17,Vehicle,129.98,733.22,852.08,12.4,VehicleFlowWestToEast.0
35.0,0.0,-1324_1,69.81,Vehicle,57.08,761.69,785.33,13.21,VehicleFlowWestToEast.1
35.0,0.0,-1328#0_1,30.19,Vehicle,264.37,807.28,705.71,12.32,VehicleFlowWestToEast.2
35.0,0.0,-1328#0_1,29.84,Vehicle,179.6,882.35,666.67,13.5,VehicleFlowWestToEast.3
35.0,0.0,-1328#0_1,21.87,Vehicle,95.23,958.91,631.79,13.15,VehicleFlowWestToEast.4
35.0,0.0,-1328#0_0,18.54,Vehicle,13.35,1035.29,602.46,5.7,VehicleFlowWestToEast.5
35.0,0.0,229259796#0_0,71.4,Vehicle,192.26,621.4,1162.6,0.0,VehicleFlowWestToEast_0.0
35.0,0.0,229259796#0_1,71.41,Vehicle,192.26,624.53,1163.65,0.0,VehicleFlowWestToEast_0.1
35.0,0.0,229259796#0_0,71.4,Vehicle,186.61,623.2,1157.25,0.34,VehicleFlowWestToEast_0.2
35.0,0.0,229259796#0_0,71.4,Vehicle,103.66,649.65,1078.63,12.22,VehicleFlowWestToEast_0.3
35.0,0.0,229259796#0_0,71.4,Vehicle,7.31,680.38,987.3,3.21,VehicleFlowWestToEast_0.4
35.0,0.0,-1324_1,69.17,Vehicle,102.7,745.89,828.07,13.33,VehicleFlowWestToNorth.0
35.0,0.0,-1328#0_1,22.52,Vehicle,147.91,910.3,651.95,12.5,VehicleFlowWestToNorth.1
35.0,0.0,229259796#0_0,71.4,Vehicle,167.82,629.19,1139.44,10.86,VehicleFlowWestToSouth.0
36.0,0.0,-1356_0,-101.87,Bus,179.09,592.65,1419.92,4.48,BusFlowEastWest0.0
36.0,0.0,28925528_1,-29.54,Bus,95.58,642.91,1231.51,0.0,BusFlowNorthSouth0.0
36.0,0.0,239331354_0,148.85,Bus,114.62,572.27,1222.56,0.0,BusFlowSouthNorth0.0
36.0,0.0,-240120122_0,82.08,Bus,333.59,603.6,1181.86,0.0,BusFlowWestEast0.0
36.0,0.0,-1354_0,-109.26,Vehicle,329.7,488.57,1537.88,12.33,VehicleFlowEastToNorth.0
36.0,0.0,-1354_0,-107.83,Vehicle,285.54,474.5,1579.64,12.21,VehicleFlowEastToSouth.0
36.0,0.0,-1354_2,-107.81,Vehicle,266.48,462.27,1596.16,13.76,VehicleFlowEastToWest.0
36.0,0.0,-1354_0,-100.83,Vehicle,98.28,428.49,1760.36,12.35,VehicleFlowEastToWest.1
36.0,0.0,-1354_0,-109.54,Vehicle,443.56,527.29,1431.08,12.37,VehicleFlowEastToWest_0.0
36.0,0.0,-1354_0,-107.83,Vehicle,215.75,453.18,1645.92,13.15,VehicleFlowEastToWest_0.1
36.0,0.0,-1280#0_0,-55.09,Vehicle,451.2,498.68,1989.98,12.66,VehicleFlowEastToWest_1.0
36.0,0.0,-1280#0_0,-56.23,Vehicle,208.25,642.59,2182.88,13.65,VehicleFlowEastToWest_1.1
36.0,0.0,-1324_0,69.17,Vehicle,142.42,728.79,863.72,12.44,VehicleFlowWestToEast.0
36.0,0.0,-1324_0,69.8,Vehicle,70.35,754.18,796.18,13.27,VehicleFlowWestToEast.1
36.0,0.0,:-584_1_0,34.03,Vehicle,1.65,796.36,712.37,12.93,VehicleFlowWestToEast.2
36.0,0.0,-1328#0_1,28.7,Vehicle,193.2,870.53,673.36,13.6,VehicleFlowWestToEast.3
36.0,0.0,-1328#0_1,22.52,Vehicle,108.66,946.52,636.93,13.43,VehicleFlowWestToEast.4
36.0,0.0,-1328#0_0,18.54,Vehicle,22.41,1026.69,605.35,9.06,VehicleFlowWestToEast.5
36.0,0.0,229259796#0_0,71.4,Vehicle,192.26,621.4,1162.6,0.0,VehicleFlowWestToEast_0.0
36.0,0.0,229259796#0_1,71.41,Vehicle,192.26,624.53,1163.65,0.0,VehicleFlowWestToEast_0.1
36.0,0.0,229259796#0_0,71.4,Vehicle,186.73,623.16,1157.36,0.12,VehicleFlowWestToEast_0.2
36.0,0.0,229259796#0_0,71.4,Vehicle,115.99,645.72,1090.32,12.33,VehicleFlowWestToEast_0.3
36.0,0.0,229259796#0_0,71.4,Vehicle,14.0,678.24,993.65,6.7,VehicleFlowWestToEast_0.4
36.0,0.0,-1324_1,69.17,Vehicle,115.52,741.33,840.04,12.82,VehicleFlowWestToNorth.0
36.0,0.0,-1328#0_1,29.84,Vehicle,161.65,897.9,657.75,13.74,VehicleFlowWestToNorth.1
36.0,0.0,229259796#0_0,71.4,Vehicle,175.75,626.66,1146.95,7.93,VehicleFlowWestToSouth.0
37.0,0.0,-1356_0,-101.87,Bus,184.1,593.68,1415.02,5.01,BusFlowEastWest0.0
37.0,0.0,28925528_1,-29.54,Bus,95.58,642.91,1231.51,0.0,BusFlowNorthSouth0.0
37.0,0.0,239331354_0,148.85,Bus,114.62,572.27,1222.56,0.0,BusFlowSouthNorth0.0
37.0,0.0,-240120122_0,82.08,Bus,333.59,603.6,1181.86,0.0,BusFlowWestEast0.0
37.0,0.0,-1354_0,-109.26,Vehicle,342.6,492.81,1525.73,12.9,VehicleFlowEastToNorth.0
37.0,0.0,-1354_0,-107.83,Vehicle,298.52,478.47,1567.31,12.98,VehicleFlowEastToSouth.0
37.0,0.0,-1354_2,-107.81,Vehicle,280.24,466.49,1583.04,13.75,VehicleFlowEastToWest.0
37.0,0.0,-1354_0,-100.83,Vehicle,111.76,431.02,1747.16,13.48,VehicleFlowEastToWest.1
37.0,0.0,-1274_0,16.81,Vehicle,4.1,517.45,1849.76,0.0,VehicleFlowEastToWest.2
37.0,0.0,-1354_0,-108.13,Vehicle,455.75,531.07,1419.53,12.18,VehicleFlowEastToWest_0.0
37.0,0.0,-1354_0,-107.83,Vehicle,228.7,457.13,1633.63,12.95,VehicleFlowEastToWest_0.1
37.0,0.0,-1354_0,-93.35,Vehicle,4.1,420.7,1853.89,0.0,VehicleFlowEastToWest_0.2
37.0,0.0,-1280#0_0,-55.09,Vehicle,464.62,491.01,1978.99,13.42,VehicleFlowEastToWest_1.0
37.0,0.0,-1280#0_0,-56.23,Vehicle,221.13,635.43,2172.18,12.88,VehicleFlowEastToWest_1.1
37.0,0.0,-1280#0_0,-45.05,Vehicle,4.1,759.18,2349.98,0.0,VehicleFlowEastToWest_1.2
37.0,0.0,-1324_0,69.17,Vehicle,155.19,724.25,875.67,12.77,VehicleFlowWestToEast.0
37.0,0.0,-1324_0,69.8,Vehicle,83.92,749.49,808.94,13.57,VehicleFlowWestToEast.1
37.0,0.0,:-596_7_0,54.98,Vehicle,4.03,788.22,721.42,12.45,VehicleFlowWestToEast.2
37.0,0.0,-1328#0_1,27.55,Vehicle,206.65,858.62,679.57,13.45,VehicleFlowWestToEast.3
37.0,0.0,-1328#0_1,22.52,Vehicle,121.22,934.93,641.74,12.56,VehicleFlowWestToEast.4
37.0,0.0,-1328#0_1,18.54,Vehicle,34.45,1016.39,612.27,12.04,VehicleFlowWestToEast.5
37.0,0.0,229259796#0_0,71.4,Vehicle,192.26,621.4,1162.6,0.0,VehicleFlowWestToEast_0.0
37.0,0.0,229259796#0_1,71.41,Vehicle,192.26,624.53,1163.65,0.0,VehicleFlowWestToEast_0.1
37.0,0.0,229259796#0_0,71.4,Vehicle,186.75,623.16,1157.38,0.02,VehicleFlowWestToEast_0.2
37.0,0.0,229259796#0_0,71.4,Vehicle,128.47,641.74,1102.14,12.47,VehicleFlowWestToEast_0.3
37.0,0.0,229259796#0_0,71.4,Vehicle,22.55,675.52,1001.75,8.54,VehicleFlowWestToEast_0.4
37.0,0.0,-1324_1,69.17,Vehicle,128.35,736.78,852.02,12.83,VehicleFlowWestToNorth.0
37.0,0.0,-1328#0_1,29.84,Vehicle,175.42,885.97,664.59,13.77,VehicleFlowWestToNorth.1
37.0,0.0,229259796#0_0,71.4,Vehicle,180.52,625.14,1151.48,4.77,VehicleFlowWestToSouth.0
38.0,0.0,-1356_0,-101.87,Bus,188.58,594.6,1410.64,4.48,BusFlowEastWest0.0
38.0,0.0,28925528_1,-29.54,Bus,95.58,642.91,1231.51,0.0,BusFlowNorthSouth0.0
38.0,0.0,239331354_0,148.85,Bus,114.62,572.27,1222.56,0.0,BusFlowSouthNorth0.0
38.0,0.0,-240120122_0,82.08,Bus,333.59,603.6,1181.86,0.0,BusFlowWestEast0.0
38.0,0.0,-1354_0,-109.26,Vehicle,355.64,497.1,1513.45,13.04,VehicleFlowEastToNorth.0
38.0,0.0,-1354_0,-109.26,Vehicle,311.71,482.65,1554.83,13.19,VehicleFlowEastToSouth.0
38.0,0.0,-1354_1,-107.82,Vehicle,292.77,473.52,1571.92,12.53,VehicleFlowEastToWest.0
38.0,0.0,-1354_0,-100.83,Vehicle,124.62,433.43,1734.55,12.86,VehicleFlowEastToWest.1
38.0,0.0,-1274_0,16.81,Vehicle,6.02,515.61,1850.31,1.92,VehicleFlowEastToWest.2
38.0,0.0,-1354_0,-108.13,Vehicle,469.49,535.34,1406.5,13.74,VehicleFlowEastToWest_0.0
38.0,0.0,-1354_0,-107.83,Vehicle,241.07,460.91,1621.87,12.38,VehicleFlowEastToWest_0.1
38.0,0.0,-1354_0,-93.35,Vehicle,6.84,420.86,1851.15,2.74,VehicleFlowEastToWest_0.2
38.0,0.0,-1280#0_0,-55.09,Vehicle,476.82,484.03,1968.99,12.2,VehicleFlowEastToWest_1.0
38.0,0.0,-1280#0_0,-56.23,Vehicle,234.9,627.79,2160.74,13.77,VehicleFlowEastToWest_1.1
38.0,0.0,-1280#0_0,-45.05,Vehicle,6.89,757.2,2348.0,2.79,VehicleFlowEastToWest_1.2
38.0,0.0,-1324_0,69.17,Vehicle,167.94,719.71,887.6,12.75,VehicleFlowWestToEast.0
38.0,0.0,-1324_0,69.7,Vehicle,96.89,745.0,821.12,12.97,VehicleFlowWestToEast.1
38.0,0.0,-1324_1,64.34,Vehicle,0.49,783.64,733.44,12.94,VehicleFlowWestToEast.2
38.0,0.0,-1328#0_1,26.13,Vehicle,220.25,846.53,685.77,13.61,VehicleFlowWestToEast.3
38.0,0.0,-1328#0_1,22.52,Vehicle,133.72,923.4,646.52,12.49,VehicleFlowWestToEast.4
38.0,0.0,-1328#0_1,18.54,Vehicle,47.48,1004.05,616.41,13.03,VehicleFlowWestToEast.5
38.0,0.0,229259796#0_0,71.4,Vehicle,192.26,621.4,1162.6,0.0,VehicleFlowWestToEast_0.0
38.0,0.0,229259796#0_1,71.41,Vehicle,192.26,624.53,1163.65,0.0,VehicleFlowWestToEast_0.1
38.0,0.0,229259796#0_0,71.4,Vehicle,186.76,623.15,1157.39,0.01,VehicleFlowWestToEast_0.2
38.0,0.0,229259796#0_0,71.4,Vehicle,141.55,637.57,1114.54,13.08,VehicleFlowWestToEast_0.3
38.0,0.0,229259796#0_0,71.4,Vehicle,33.2,672.12,1011.84,10.65,VehicleFlowWestToEast_0.4
38.0,0.0,-1324_1,69.17,Vehicle,141.49,732.11,864.28,13.13,VehicleFlowWestToNorth.0
38.0,0.0,-1328#0_1,29.84,Vehicle,189.23,874.01,671.46,13.81,VehicleFlowWestToNorth.1
38.0,0.0,229259796#0_0,71.4,Vehicle,180.94,625.01,1151.88,0.43,VehicleFlowWestToSouth.0
39.0,0.0,-1356_0,-99.74,Bus,193.23,595.33,1406.05,4.65,BusFlowEastWest0.0
39.0,0.0,28925528_1,-29.54,Bus,95.58,642.91,1231.51,0.0,BusFlowNorthSouth0.0
39.0,0.0,239331354_0,148.85,Bus,114.62,572.27,1222.56,0.0,BusFlowSouthNorth0.0
39.0,0.0,-240120122_0,82.08,Bus,333.59,603.6,1181.86,0.0,BusFlowWestEast0.0
39.0,0.0,-1354_0,-110.16,Vehicle,368.66,501.57,1501.25,13.02,VehicleFlowEastToNorth.0
39.0,0.0,-1354_0,-109.26,Vehicle,324.83,486.96,1542.47,13.12,VehicleFlowEastToSouth.0
39.0,0.0,-1354_1,-108.14,Vehicle,306.35,477.7,1559.0,13.58,VehicleFlowEastToWest.0
39.0,0.0,-1354_0,-100.83,Vehicle,138.07,435.95,1721.37,13.45,VehicleFlowEastToWest.1
39.0,0.0,-1274_0,16.81,Vehicle,10.09,511.71,1851.49,4.08,VehicleFlowEastToWest.2
39.0,0.0,-1354_0,-108.13,Vehicle,482.17,539.28,1394.47,12.69,VehicleFlowEastToWest_0.0
39.0,0.0,-1354_0,-107.83,Vehicle,254.87,465.13,1608.77,13.8,VehicleFlowEastToWest_0.1
39.0,0.0,-1354_0,-93.35,Vehicle,12.98,421.22,1845.04,6.14,VehicleFlowEastToWest_0.2
39.0,0.0,-1280#0_0,-55.09,Vehicle,490.2,476.38,1958.03,13.39,VehicleFlowEastToWest_1.0
39.0,0.0,-1280#0_0,-56.23,Vehicle,247.08,621.02,2150.62,12.19,VehicleFlowEastToWest_1.1
39.0,0.0,-1280#0_0,-45.05,Vehicle,11.69,753.82,2344.61,4.8,VehicleFlowEastToWest_1.2
39.0,0.0,-1324_0,69.17,Vehicle,181.69,714.82,900.46,13.75,VehicleFlowWestToEast.0
39.0,0.0,-1324_0,69.17,Vehicle,109.3,740.58,832.73,12.41,VehicleFlowWestToEast.1
39.0,0.0,-1324_1,58.69,Vehicle,13.52,776.87,744.57,13.04,VehicleFlowWestToEast.2
39.0,0.0,-1328#0_1,25.02,Vehicle,234.02,834.06,691.58,13.77,VehicleFlowWestToEast.3
39.0,0.0,-1328#0_1,22.52,Vehicle,146.87,911.27,651.55,13.15,VehicleFlowWestToEast.4
39.0,0.0,-1328#0_1,18.54,Vehicle,60.59,991.63,620.57,13.12,VehicleFlowWestToEast.5
39.0,0.0,229259796#0_0,71.4,Vehicle,192.26,621.4,1162.6,0.0,VehicleFlowWestToEast_0.0
39.0,0.0,229259796#0_1,71.41,Vehicle,192.26,624.53,1163.65,0.0,VehicleFlowWestToEast_0.1
39.0,0.0,229259796#0_0,71.4,Vehicle,186.76,623.15,1157.39,0.0,VehicleFlowWestToEast_0.2
39.0,0.0,229259796#0_1,71.41,Vehicle,154.94,636.43,1128.29,13.39,VehicleFlowWestToEast_0.3
39.0,0.0,229259796#0_0,71.4,Vehicle,46.46,667.89,1024.42,13.27,VehicleFlowWestToEast_0.4
39.0,0.0,-1324_0,69.17,Vehicle,153.64,724.8,874.22,12.15,VehicleFlowWestToNorth.0
39.0,0.0,-1328#0_1,27.55,Vehicle,202.69,862.13,677.74,13.46,VehicleFlowWestToNorth.1
39.0,0.0,229259796#0_0,71.4,Vehicle,181.14,624.95,1152.06,0.19,VehicleFlowWestToSouth.0
40.0,0.0,-1356_0,-94.8,Bus,197.7,595.71,1401.6,4.47,BusFlowEastWest0.0
40.0,0.0,28925528_1,-29.54,Bus,95.58,642.91,1231.51,0.0,BusFlowNorthSouth0.0
40.0,0.0,239331354_0,148.85,Bus,114.62,572.27,1222.56,0.0,BusFlowSouthNorth0.0
40.0,0.0,-240120122_0,82.08,Bus,333.59,603.6,1181.86,0.0,BusFlowWestEast0.0
40.0,0.0,-1354_0,-110.16,Vehicle,381.76,506.08,1488.98,13.11,VehicleFlowEastToNorth.0
40.0,0.0,-1354_0,-109.26,Vehicle,337.29,491.06,1530.74,12.46,VehicleFlowEastToSouth.0
40.0,0.0,-1354_1,-109.25,Vehicle,318.76,481.79,1547.28,12.41,VehicleFlowEastToWest.0
40.0,0.0,-1354_0,-100.83,Vehicle,150.35,438.25,1709.34,12.28,VehicleFlowEastToWest.1
40.0,0.0,-1274_0,16.81,Vehicle,17.44,504.67,1853.62,7.35,VehicleFlowEastToWest.2
40.0,0.0,-1354_0,-108.13,Vehicle,495.13,543.3,1382.18,12.96,VehicleFlowEastToWest_0.0
40.0,0.0,-1354_0,-107.83,Vehicle,268.22,469.21,1596.09,13.35,VehicleFlowEastToWest_0.1
40.0,0.0,-1354_0,-93.35,Vehicle,21.29,421.7,1836.77,8.31,VehicleFlowEastToWest_0.2
40.0,0.0,-1280#0_0,-55.09,Vehicle,503.56,468.74,1947.08,13.36,VehicleFlowEastToWest_1.0
40.0,0.0,-1280#0_0,-55.72,Vehicle,259.57,614.01,2140.29,12.49,VehicleFlowEastToWest_1.1
40.0,0.0,-1280#0_0,-53.13,Vehicle,19.0,749.09,2339.08,7.31,VehicleFlowEastToWest_1.2
40.0,0.0,-1324_0,69.17,Vehicle,194.01,710.43,912.0,12.33,VehicleFlowWestToEast.0
40.0,0.0,-1324_0,69.17,Vehicle,122.27,735.97,844.86,12.97,VehicleFlowWestToEast.1
40.0,0.0,-1324_1,69.81,Vehicle,26.47,772.25,756.63,12.95,VehicleFlowWestToEast.2
40.0,0.0,-1328#0_1,25.02,Vehicle,246.25,823.0,696.75,12.22,VehicleFlowWestToEast.3
40.0,0.0,-1328#0_1,26.95,Vehicle,159.28,899.95,656.57,12.41,VehicleFlowWestToEast.4
40.0,0.0,-1328#0_1,18.54,Vehicle,74.23,978.72,624.9,13.63,VehicleFlowWestToEast.5
40.0,0.0,-1328#0_0,18.54,Vehicle,4.1,1044.08,599.52,0.0,VehicleFlowWestToEast.6
40.0,0.0,229259796#0_0,71.4,Vehicle,192.26,621.4,1162.6,0.0,VehicleFlowWestToEast_0.0
40.0,0.0,229259796#0_1,71.41,Vehicle,192.26,624.53,1163.65,0.0,VehicleFlowWestToEast_0.1
40.0,0.0,229259796#0_0,71.4,Vehicle,186.76,623.15,1157.39,0.0,VehicleFlowWestToEast_0.2
40.0,0.0,229259796#0_2,71.41,Vehicle,168.29,635.3,1141.99,13.35,VehicleFlowWestToEast_0.3
40.0,0.0,229259796#0_0,71.4,Vehicle,59.11,663.86,1036.4,12.64,VehicleFlowWestToEast_0.4
40.0,0.0,-1324_0,69.17,Vehicle,166.83,720.1,886.56,13.19,VehicleFlowWestToNorth.0
40.0,0.0,-1328#0_1,27.55,Vehicle,216.47,849.93,684.11,13.78,VehicleFlowWestToNorth.1
40.0,0.0,229259796#0_0,71.4,Vehicle,181.25,624.91,1152.17,0.12,VehicleFlowWestToSouth.0
41.0,0.0,-1356_0,-94.8,Bus,202.43,596.1,1396.89,4.73,BusFlowEastWest0.0
41.0,0.0,28925528_1,-29.54,Bus,95.58,642.91,1231.51,0.0,BusFlowNorthSouth0.0
41.0,0.0,239331354_0,148.85,Bus,114.62,572.27,1222.56,0.0,BusFlowSouthNorth0.0
41.0,0.0,-240120122_0,82.08,Bus,333.59,603.6,1181.86,0.0,BusFlowWestEast0.0
41.0,0.0,-1354_0,-110.16,Vehicle,395.64,510.85,1475.97,13.88,VehicleFlowEastToNorth.0
41.0,0.0,-1354_0,-109.26,Vehicle,350.33,495.36,1518.45,13.04,VehicleFlowEastToSouth.0
41.0,0.0,-1354_2,-109.24,Vehicle,332.01,482.98,1533.84,13.25,VehicleFlowEastToWest.0
41.0,0.0,-1354_0,-100.83,Vehicle,162.7,440.57,1697.23,12.35,VehicleFlowEastToWest.1
41.0,0.0,-1274_0,16.81,Vehicle,28.16,494.41,1856.72,10.72,VehicleFlowEastToWest.2
41.0,0.0,-1354_0,-108.13,Vehicle,508.43,547.43,1369.57,13.3,VehicleFlowEastToWest_0.0
41.0,0.0,-1354_0,-107.83,Vehicle,280.88,473.08,1584.06,12.66,VehicleFlowEastToWest_0.1
41.0,0.0,-1354_0,-93.35,Vehicle,32.39,422.35,1825.71,11.1,VehicleFlowEastToWest_0.2
41.0,0.0,-1280#0_0,-55.09,Vehicle,517.15,460.97,1935.95,13.59,VehicleFlowEastToWest_1.0
41.0,0.0,-1280#0_0,-44.63,Vehicle,272.6,606.2,2130.14,13.03,VehicleFlowEastToWest_1.1
41.0,0.0,-1280#0_0,-55.09,Vehicle,29.21,743.26,2330.72,10.2,VehicleFlowEastToWest_1.2
41.0,0.0,-1324_0,69.17,Vehicle,207.08,705.78,924.22,13.06,VehicleFlowWestToEast.0
41.0,0.0,-1324_0,69.17,Vehicle,136.06,731.06,857.77,13.79,VehicleFlowWestToEast.1
41.0,0.0,-1324_1,69.81,Vehicle,39.85,767.63,769.17,13.38,VehicleFlowWestToEast.2
41.0,0.0,-1328#0_1,30.19,Vehicle,259.95,811.1,703.49,13.7,VehicleFlowWestToEast.3
41.0,0.0,-1328#0_1,29.84,Vehicle,172.25,888.72,663.02,12.97,VehicleFlowWestToEast.4
41.0,0.0,-1328#0_1,18.54,Vehicle,86.77,966.84,628.89,12.55,VehicleFlowWestToEast.5
41.0,0.0,-1328#0_0,18.54,Vehicle,7.4,1040.94,600.57,3.3,VehicleFlowWestToEast.6
41.0,0.0,229259796#0_0,71.4,Vehicle,192.26,621.4,1162.6,0.0,VehicleFlowWestToEast_0.0
41.0,0.0,229259796#0_1,71.41,Vehicle,192.26,624.53,1163.65,0.0,VehicleFlowWestToEast_0.1
41.0,0.0,229259796#0_0,71.4,Vehicle,186.76,623.15,1157.39,0.0,VehicleFlowWestToEast_0.2
41.0,0.0,229259796#0_2,71.41,Vehicle,179.73,631.65,1152.84,11.44,VehicleFlowWestToEast_0.3
41.0,0.0,229259796#0_0,71.4,Vehicle,72.2,659.69,1048.81,13.09,VehicleFlowWestToEast_0.4
41.0,0.0,-1324_0,69.17,Vehicle,179.25,715.68,898.18,12.42,VehicleFlowWestToNorth.0
41.0,0.0,-1328#0_1,25.02,Vehicle,228.97,838.64,689.45,12.51,VehicleFlowWestToNorth.1
41.0,0.0,229259796#0_0,71.4,Vehicle,181.26,624.91,1152.17,0.01,VehicleFlowWestToSouth.0
42.0,0.0,-1356_0,-94.8,Bus,207.4,596.52,1391.93,4.97,BusFlowEastWest0.0
42.0,0.0,28925528_1,-29.54,Bus,95.58,642.91,1231.51,0.0,BusFlowNorthSouth0.0
42.0,0.0,239331354_0,148.85,Bus,114.62,572.27,1222.56,0.0,BusFlowSouthNorth0.0
42.0,0.0,-240120122_0,82.08,Bus,333.59,603.6,1181.86,0.0,BusFlowWestEast0.0
42.0,0.0,-1354_0,-110.16,Vehicle,408.46,515.26,1463.97,12.82,VehicleFlowEastToNorth.0
42.0,0.0,-1354_0,-110.16,Vehicle,363.22,499.7,1506.35,12.89,VehicleFlowEastToSouth.0
42.0,0.0,-1354_2,-109.24,Vehicle,344.41,487.08,1522.12,12.39,VehicleFlowEastToWest.0
42.0,0.0,-1354_0,-100.83,Vehicle,175.46,442.96,1684.72,12.77,VehicleFlowEastToWest.1
42.0,0.0,-1274_0,11.85,Vehicle,41.25,481.8,1860.17,13.09,VehicleFlowEastToWest.2
42.0,0.0,-1354_0,-108.14,Vehicle,520.92,551.31,1357.73,12.49,VehicleFlowEastToWest_0.0
42.0,0.0,-1354_0,-107.83,Vehicle,293.57,476.96,1572.0,12.69,VehicleFlowEastToWest_0.1
42.0,0.0,-1354_0,-93.35,Vehicle,46.27,423.16,1811.88,13.88,VehicleFlowEastToWest_0.2
42.0,0.0,-1280#0_0,-56.98,Vehicle,530.69,453.34,1924.78,13.54,VehicleFlowEastToWest_1.0
42.0,0.0,-1280#0_0,-32.48,Vehicle,285.24,595.23,2123.97,12.64,VehicleFlowEastToWest_1.1
42.0,0.0,-1280#0_0,-55.09,Vehicle,41.83,736.04,2320.38,12.63,VehicleFlowEastToWest_1.2
42.0,0.0,-1324_0,69.17,Vehicle,219.22,701.46,935.58,12.14,VehicleFlowWestToEast.0
42.0,0.0,-1324_0,69.17,Vehicle,148.87,726.49,869.76,12.82,VehicleFlowWestToEast.1
42.0,0.0,-1324_1,69.81,Vehicle,52.34,763.32,780.88,12.49,VehicleFlowWestToEast.2
42.0,0.0,-1328#0_1,30.19,Vehicle,273.51,799.39,710.3,13.56,VehicleFlowWestToEast.3
42.0,0.0,-1328#0_1,29.84,Vehicle,185.21,877.48,669.46,12.97,VehicleFlowWestToEast.4
42.0,0.0,-1328#0_1,22.52,Vehicle,99.5,954.97,633.43,12.73,VehicleFlowWestToEast.5
42.0,0.0,-1328#0_0,18.54,Vehicle,13.89,1034.78,602.63,6.49,VehicleFlowWestToEast.6
42.0,0.0,229259796#0_0,71.4,Vehicle,192.26,621.4,1162.6,0.0,VehicleFlowWestToEast_0.0
42.0,0.0,229259796#0_1,71.41,Vehicle,192.26,624.53,1163.65,0.0,VehicleFlowWestToEast_0.1
42.0,0.0,229259796#0_0,71.4,Vehicle,186.76,623.15,1157.39,0.0,VehicleFlowWestToEast_0.2
42.0,0.0,229259796#0_2,71.41,Vehicle,188.1,628.99,1160.76,8.36,VehicleFlowWestToEast_0.3
42.0,0.0,229259796#0_0,71.4,Vehicle,84.81,655.66,1060.77,12.62,VehicleFlowWestToEast_0.4
42.0,0.0,229259796#0_0,71.4,Vehicle,4.1,681.4,984.27,0.0,VehicleFlowWestToEast_0.5
42.0,0.0,-1324_0,69.17,Vehicle,192.6,710.93,910.68,13.35,VehicleFlowWestToNorth.0
42.0,0.0,-1328#0_1,25.02,Vehicle,242.67,826.23,695.24,13.7,VehicleFlowWestToNorth.1
42.0,0.0,-1328#0_0,18.54,Vehicle,4.1,1044.08,599.52,0.0,VehicleFlowWestToNorth.2
42.0,0.0,229259796#0_0,71.4,Vehicle,181.26,624.91,1152.17,0.0,VehicleFlowWestToSouth.0
43.0,0.0,-1356_0,-94.8,Bus,212.05,596.91,1387.3,4.65,BusFlowEastWest0.0
43.0,0.0,28925528_1,-29.54,Bus,95.58,642.91,1231.51,0.0,BusFlowNorthSouth0.0
43.0,0.0,239331354_0,148.85,Bus,114.62,572.27,1222.56,0.0,BusFlowSouthNorth0.0
43.0,0.0,-240120122_0,82.08,Bus,333.59,603.6,1181.86,0.0,BusFlowWestEast0.0
43.0,0.0,-1354_0,-110.16,Vehicle,421.85,519.87,1451.43,13.39,VehicleFlowEastToNorth.0
43.0,0.0,-1354_0,-110.16,Vehicle,375.82,504.04,1494.54,12.61,VehicleFlowEastToSouth.0
43.0,0.0,-1354_2,-109.47,Vehicle,357.53,491.43,1509.7,13.12,VehicleFlowEastToWest.0
43.0,0.0,-1354_0,-100.83,Vehicle,189.12,445.52,1671.34,13.66,VehicleFlowEastToWest.1
43.0,0.0,-1274_0,10.65,Vehicle,56.18,467.12,1862.93,14.93,VehicleFlowEastToWest.2
43.0,0.0,-1354_0,-108.14,Vehicle,534.78,555.62,1344.59,13.86,VehicleFlowEastToWest_0.0
43.0,0.0,-1354_0,-107.99,Vehicle,305.75,480.69,1560.44,12.18,VehicleFlowEastToWest_0.1
43.0,0.0,-1354_0,-93.35,Vehicle,59.36,423.92,1798.84,13.09,VehicleFlowEastToWest_0.2
43.0,0.0,-1280#0_0,-62.07,Vehicle,543.27,447.46,1913.68,12.58,VehicleFlowEastToWest_1.0
43.0,0.0,-1280#0_0,-55.6,Vehicle,298.11,585.52,2115.89,12.87,VehicleFlowEastToWest_1.1
43.0,0.0,-1280#0_0,-55.09,Vehicle,55.45,728.25,2309.22,13.61,VehicleFlowEastToWest_1.2
43.0,0.0,-1324_0,69.17,Vehicle,232.35,696.78,947.86,13.13,VehicleFlowWestToEast.0
43.0,0.0,-1324_0,69.17,Vehicle,161.72,721.92,881.78,12.85,VehicleFlowWestToEast.1
43.0,0.0,-1324_0,69.8,Vehicle,65.86,755.73,791.97,13.52,VehicleFlowWestToEast.2
43.0,0.0,:-596_7_0,49.99,Vehicle,1.13,789.88,719.05,13.33,VehicleFlowWestToEast.3
43.0,0.0,-1328#0_1,27.55,Vehicle,198.35,865.97,675.74,13.13,VehicleFlowWestToEast.4
43.0,0.0,-1328#0_1,22.52,Vehicle,112.87,942.64,638.54,13.37,VehicleFlowWestToEast.5
43.0,0.0,-1328#0_0,18.54,Vehicle,22.84,1026.29,605.48,8.94,VehicleFlowWestToEast.6
43.0,0.0,229259796#0_0,71.4,Vehicle,192.26,621.4,1162.6,0.0,VehicleFlowWestToEast_0.0
43.0,0.0,229259796#0_1,71.41,Vehicle,192.26,624.53,1163.65,0.0,VehicleFlowWestToEast_0.1
43.0,0.0,229259796#0_0,71.4,Vehicle,186.76,623.15,1157.39,0.0,VehicleFlowWestToEast_0.2
43.0,0.0,229259796#0_2,71.41,Vehicle,191.96,627.75,1164.43,3.86,VehicleFlowWestToEast_0.3
43.0,0.0,229259796#0_0,71.4,Vehicle,97.25,651.7,1072.56,12.44,VehicleFlowWestToEast_0.4
43.0,0.0,229259796#0_0,71.4,Vehicle,6.69,680.58,986.72,2.59,VehicleFlowWestToEast_0.5
43.0,0.0,-1324_0,69.17,Vehicle,206.17,706.1,923.37,13.56,VehicleFlowWestToNorth.0
43.0,0.0,-1328#0_1,30.19,Vehicle,255.8,814.68,701.41,13.13,VehicleFlowWestToNorth.1
43.0,0.0,-1328#0_0,18.54,Vehicle,6.55,1041.76,600.29,2.45,VehicleFlowWestToNorth.2
43.0,0.0,229259796#0_0,71.4,Vehicle,181.26,624.91,1152.17,0.0,VehicleFlowWestToSouth.0
44.0,0.0,-1356_0,-94.8,Bus,217.43,597.36,1381.93,5.38,BusFlowEastWest0.0
44.0,0.0,28925528_1,-29.54,Bus,95.58,642.91,1231.51,0.0,BusFlowNorthSouth0.0
44.0,0.0,239331354_0,148.85,Bus,114.62,572.27,1222.56,0.0,BusFlowSouthNorth0.0
44.0,0.0,-240120122_0,82.08,Bus,333.59,603.6,1181.86,0.0,BusFlowWestEast0.0
44.0,0.0,-1354_0,-110.16,Vehicle,435.06,524.41,1439.05,13.21,VehicleFlowEastToNorth.0
44.0,0.0,-1354_0,-110.16,Vehicle,388.82,508.5,1482.37,12.99,VehicleFlowEastToSouth.0
44.0,0.0,-1354_2,-110.16,Vehicle,370.85,496.03,1497.17,13.32,VehicleFlowEastToWest.0
44.0,0.0,-1354_0,-107.83,Vehicle,201.44,448.8,1659.52,12.32,VehicleFlowEastToWest.1
44.0,0.0,-1274_0,7.9,Vehicle,72.53,451.03,1865.76,16.35,VehicleFlowEastToWest.2
44.0,0.0,-1354_0,-113.58,Vehicle,547.95,560.09,1332.24,13.17,VehicleFlowEastToWest_0.0
44.0,0.0,-1354_0,-109.26,Vehicle,319.42,485.19,1547.56,13.67,VehicleFlowEastToWest_0.1
44.0,0.0,-1354_0,-93.35,Vehicle,73.04,424.72,1785.22,13.67,VehicleFlowEastToWest_0.2
44.0,0.0,-1280#0_0,-61.58,Vehicle,556.48,441.24,1902.04,13.2,VehicleFlowEastToWest_1.0
44.0,0.0,-1280#0_0,-55.6,Vehicle,311.63,577.89,2104.74,13.52,VehicleFlowEastToWest_1.1
44.0,0.0,-1280#0_0,-55.09,Vehicle,68.56,720.75,2298.48,13.12,VehicleFlowEastToWest_1.2
44.0,0.0,-1324_0,69.17,Vehicle,244.88,692.32,959.59,12.53,VehicleFlowWestToEast.0
44.0,0.0,-1324_0,69.17,Vehicle,174.57,717.35,893.8,12.85,VehicleFlowWestToEast.1
44.0,0.0,-1324_0,69.8,Vehicle,79.52,751.01,804.8,13.65,VehicleFlowWestToEast.2
44.0,0.0,:-596_7_0,69.49,Vehicle,14.08,784.91,730.84,12.94,VehicleFlowWestToEast.3
44.0,0.0,-1328#0_1,27.55,Vehicle,211.47,854.35,681.8,13.13,VehicleFlowWestToEast.4
44.0,0.0,-1328#0_1,22.52,Vehicle,125.71,930.79,643.45,12.84,VehicleFlowWestToEast.5
44.0,0.0,-1328#0_1,18.54,Vehicle,33.73,1017.07,612.04,10.9,VehicleFlowWestToEast.6
44.0,0.0,229259796#0_0,71.4,Vehicle,192.26,621.4,1162.6,0.0,VehicleFlowWestToEast_0.0
44.0,0.0,229259796#0_1,71.41,Vehicle,192.26,624.53,1163.65,0.0,VehicleFlowWestToEast_0.1
44.0,0.0,229259796#0_0,71.4,Vehicle,186.76,623.15,1157.39,0.0,VehicleFlowWestToEast_0.2
44.0,0.0,229259796#0_2,71.41,Vehicle,192.2,627.68,1164.66,0.24,VehicleFlowWestToEast_0.3
44.0,0.0,229259796#0_0,71.4,Vehicle,109.96,647.64,1084.6,12.71,VehicleFlowWestToEast_0.4
44.0,0.0,229259796#0_0,71.4,Vehicle,11.63,679.0,991.4,4.94,VehicleFlowWestToEast_0.5
44.0,0.0,-1324_0,69.17,Vehicle,218.96,701.55,935.34,12.79,VehicleFlowWestToNorth.0
44.0,0.0,-1328#0_1,30.19,Vehicle,268.37,803.82,707.72,12.57,VehicleFlowWestToNorth.1
44.0,0.0,-1328#0_0,18.54,Vehicle,12.48,1036.13,602.18,5.93,VehicleFlowWestToNorth.2
44.0,0.0,229259796#0_0,71.4,Vehicle,181.26,624.91,1152.17,0.0,VehicleFlowWestToSouth.0
45.0,0.0,-1356_0,-94.8,Bus,221.78,597.72,1377.6,4.35,BusFlowEastWest0.0
45.0,0.0,28925528_1,-29.54,Bus,95.58,642.91,1231.51,0.0,BusFlowNorthSouth0.0
45.0,0.0,239331354_0,148.85,Bus,114.62,572.27,1222.56,0.0,BusFlowSouthNorth0.0
45.0,0.0,-240120122_0,82.08,Bus,333.59,603.6,1181.86,0.0,BusFlowWestEast0.0
45.0,0.0,-1354_0,-108.13,Vehicle,448.7,528.89,1426.21,13.63,VehicleFlowEastToNorth.0
45.0,0.0,-1354_0,-110.16,Vehicle,402.13,513.08,1469.9,13.31,VehicleFlowEastToSouth.0
45.0,0.0,-1354_2,-110.16,Vehicle,383.72,500.48,1485.06,12.88,VehicleFlowEastToWest.0
45.0,0.0,-1354_0,-107.83,Vehicle,215.3,453.04,1646.35,13.86,VehicleFlowEastToWest.1
45.0,0.0,-1274_0,3.1,Vehicle,85.23,438.36,1866.45,12.69,VehicleFlowEastToWest.2
45.0,0.0,-1354_0,-113.58,Vehicle,561.63,565.55,1319.74,13.68,VehicleFlowEastToWest_0.0
45.0,0.0,-1354_0,-109.26,Vehicle,332.3,489.42,1535.44,12.87,VehicleFlowEastToWest_0.1
45.0,0.0,-1354_0,-100.83,Vehicle,85.64,426.12,1772.75,12.61,VehicleFlowEastToWest_0.2
45.0,0.0,-1280#0_0,-61.58,Vehicle,568.85,435.36,1891.17,12.38,VehicleFlowEastToWest_1.0
45.0,0.0,-1280#0_0,-55.6,Vehicle,323.86,570.98,2094.66,12.23,VehicleFlowEastToWest_1.1
45.0,0.0,-1280#0_0,-55.09,Vehicle,81.74,713.22,2287.68,13.18,VehicleFlowEastToWest_1.2
45.0,0.0,-1324_0,69.17,Vehicle,258.16,687.59,972.02,13.28,VehicleFlowWestToEast.0
45.0,0.0,-1324_0,69.17,Vehicle,187.01,712.92,905.44,12.44,VehicleFlowWestToEast.1
45.0,0.0,-1324_0,69.8,Vehicle,92.63,746.48,817.11,13.11,VehicleFlowWestToEast.2
45.0,0.0,-1324_1,58.69,Vehicle,10.79,778.29,742.24,13.2,VehicleFlowWestToEast.3
45.0,0.0,-1328#0_1,25.02,Vehicle,224.18,842.98,687.43,12.7,VehicleFlowWestToEast.4
45.0,0.0,-1328#0_1,22.52,Vehicle,139.5,918.07,648.73,13.79,VehicleFlowWestToEast.5
45.0,0.0,-1328#0_1,18.54,Vehicle,46.02,1005.43,615.94,12.29,VehicleFlowWestToEast.6
45.0,0.0,229259796#0_0,71.4,Vehicle,192.26,621.4,1162.6,0.0,VehicleFlowWestToEast_0.0
45.0,0.0,229259796#0_1,71.41,Vehicle,192.26,624.53,1163.65,0.0,VehicleFlowWestToEast_0.1
45.0,0.0,229259796#0_0,71.4,Vehicle,186.76,623.15,1157.39,0.0,VehicleFlowWestToEast_0.2
45.0,0.0,229259796#0_2,71.41,Vehicle,192.25,627.66,1164.7,0.05,VehicleFlowWestToEast_0.3
45.0,0.0,229259796#0_0,71.4,Vehicle,123.71,643.26,1097.63,13.74,VehicleFlowWestToEast_0.4
45.0,0.0,229259796#0_0,71.4,Vehicle,18.75,676.73,998.15,7.12,VehicleFlowWestToEast_0.5
45.0,0.0,-1324_0,69.17,Vehicle,232.1,696.87,947.64,13.14,VehicleFlowWestToNorth.0
45.0,0.0,-1328#1_0,41.67,Vehicle,0.86,793.18,715.17,13.37,VehicleFlowWestToNorth.1
45.0,0.0,-1328#0_0,18.54,Vehicle,20.24,1028.76,604.65,7.76,VehicleFlowWestToNorth.2
45.0,0.0,229259796#0_0,71.4,Vehicle,181.26,624.91,1152.17,0.0,VehicleFlowWestToSouth.0
46.0,0.0,-1356_0,-94.8,Bus,226.08,598.08,1373.32,4.3,BusFlowEastWest0.0
46.0,0.0,28925528_1,-29.54,Bus,95.58,642.91,1231.51,0.0,BusFlowNorthSouth0.0
46.0,0.0,239331354_0,148.85,Bus,114.62,572.27,1222.56,0.0,BusFlowSouthNorth0.0
46.0,0.0,-240120122_0,82.08,Bus,333.59,603.6,1181.86,0.0,BusFlowWestEast0.0
46.0,0.0,-1354_0,-108.13,Vehicle,461.83,532.96,1413.76,13.13,VehicleFlowEastToNorth.0
46.0,0.0,-1354_0,-110.16,Vehicle,414.85,517.46,1457.98,12.72,VehicleFlowEastToSouth.0
46.0,0.0,-1354_2,-110.16,Vehicle,397.35,505.18,1472.24,13.63,VehicleFlowEastToWest.0
46.0,0.0,-1354_0,-107.83,Vehicle,229.1,457.26,1633.24,13.81,VehicleFlowEastToWest.1
46.0,0.0,-1274_0,2.99,Vehicle,93.42,430.17,1866.87,8.19,VehicleFlowEastToWest.2
46.0,0.0,-1354_0,-113.58,Vehicle,574.64,570.74,1307.84,13.01,VehicleFlowEastToWest_0.0
46.0,0.0,-1354_0,-109.26,Vehicle,344.78,493.53,1523.68,12.48,VehicleFlowEastToWest_0.1
46.0,0.0,-1354_0,-100.83,Vehicle,98.68,428.57,1759.97,13.03,VehicleFlowEastToWest_0.2
46.0,0.0,:-228_1_0,-62.56,Vehicle,5.09,429.84,1880.13,12.3,VehicleFlowEastToWest_1.0
46.0,0.0,-1280#0_0,-55.6,Vehicle,337.54,563.26,2083.38,13.68,VehicleFlowEastToWest_1.1
46.0,0.0,-1280#0_0,-55.09,Vehicle,95.48,705.37,2276.43,13.73,VehicleFlowEastToWest_1.2
46.0,0.0,229259796#0_1,74.21,Vehicle,3.59,684.69,984.84,13.46,VehicleFlowWestToEast.0
46.0,0.0,-1324_0,69.17,Vehicle,199.36,708.52,917.0,12.35,VehicleFlowWestToEast.1
46.0,0.0,-1324_0,69.17,Vehicle,105.28,742.01,828.97,12.66,VehicleFlowWestToEast.2
46.0,0.0,-1324_1,69.81,Vehicle,23.06,773.42,753.43,12.27,VehicleFlowWestToEast.3
46.0,0.0,-1328#0_1,25.02,Vehicle,237.25,831.15,692.95,13.07,VehicleFlowWestToEast.4
46.0,0.0,-1328#0_1,22.52,Vehicle,152.07,906.47,653.54,12.57,VehicleFlowWestToEast.5
46.0,0.0,-1328#0_1,18.54,Vehicle,59.87,992.31,620.34,13.85,VehicleFlowWestToEast.6
46.0,0.0,-1328#0_0,18.54,Vehicle,4.1,1044.08,599.52,0.0,VehicleFlowWestToEast.7
46.0,0.0,229259796#0_0,71.4,Vehicle,192.26,621.4,1162.6,0.0,VehicleFlowWestToEast_0.0
46.0,0.0,229259796#0_1,71.41,Vehicle,192.26,624.53,1163.65,0.0,VehicleFlowWestToEast_0.1
46.0,0.0,229259796#0_0,71.4,Vehicle,186.76,623.15,1157.39,0.0,VehicleFlowWestToEast_0.2
46.0,0.0,229259796#0_2,71.41,Vehicle,192.25,627.66,1164.71,0.01,VehicleFlowWestToEast_0.3
46.0,0.0,229259796#0_0,71.4,Vehicle,137.25,638.94,1110.47,13.55,VehicleFlowWestToEast_0.4
46.0,0.0,229259796#0_0,71.4,Vehicle,28.55,673.61,1007.44,9.8,VehicleFlowWestToEast_0.5
